"player.givenName","player.surname","opponent","confidence_flag","line_10","line_11","line_12","line_13","line_14","line_15","line_16","line_17","line_18","line_19","line_20","line_21","line_22","line_23","line_24","line_25","line_26","line_27","line_28","line_29","line_30","predicted_disposals"
"Nathan","Broad","Essendon","ok",1.19958357484547,1.28415803295212,1.39918237537502,1.55522210049557,1.76730663900549,2.0573211467681,2.45784474414943,3.01842382472143,3.81603267555452,4.9728865469834,6.68744125833846,9.28956398224727,13.34102001459,19.822919881803,30.4941026130591,48.5939557185872,80.2572015809296,137.439417253421,244.135536585621,449.976545778975,860.829975055039,14.3
"Ben","Miller","Essendon","ok",1.16594624928893,1.24507439340575,1.35570284655174,1.50959739374433,1.72382936333797,2.02386815086688,2.44871711479441,3.05962220916763,3.95518564581834,5.29824687151557,7.36492606274368,10.6364914322758,15.976199662236,24.9794471930111,40.6876104129394,69.0878388559124,122.363567550118,226.168207783053,436.444856043481,879.652129074406,1852.34147339844,14.4
"Luke","Trainor","Essendon","ok",1.08707036607831,1.13169936331494,1.19474219472163,1.28258564655306,1.40398991839633,1.57131545389762,1.80248928661867,2.12419078252612,2.57710164440019,3.22473754722582,4.16864134423298,5.57514052698003,7.72362942529964,11.0959057301987,16.5458150141661,25.6301534934012,41.2722504993943,69.1312845172302,120.512320872289,218.740725494107,413.565935798543,16.2
"Nick","Vlastuin","Essendon","ok",1.04595681499227,1.07251696711419,1.1112550215304,1.16654265372188,1.24418135048805,1.35206135224913,1.50122259007628,1.70755889312628,1.9945763928786,2.39792685108335,2.97300726863265,3.80798620164877,5.04666336889732,6.92957723671814,9.86981756326056,14.5965410040855,22.4340866873086,35.8601765065466,59.6548866344672,103.336922479928,186.489786714013,17.5
"Jayden","Short","Essendon","ok",1.0015840482119,1.00305245292646,1.00565805078573,1.01009887631935,1.01738053686113,1.02889353126453,1.04649756626618,1.07262376746325,1.11041836998605,1.16396672813312,1.23865479917226,1.34175090890629,1.48333312657173,1.67776341665613,1.94604645425903,2.31965733896519,2.84686958512278,3.60343910254375,4.71105044588962,6.36991308861247,8.91776102842037,23.7
"Sam","Grlj","Essendon","ok",1.00039521138579,1.0020084174083,1.00829485957208,1.02820673600791,1.08081033769363,1.20181242236225,1.4584097221958,1.99225733254405,3.14676007559157,5.86921091093692,13.1313359737892,35.6454737403894,118.370707965735,483.756895207382,2443.78350580592,15309.9923752128,119245.736079485,1156902.97052184,14001880.416519,211653688.688646,3999713836.87617,16.5
"Patrick","Retschko","Essendon","ok",1.03140834573137,1.05127824263255,1.08109215964195,1.12465049505087,1.18696057207441,1.27474959914085,1.39730457647292,1.56783580894027,1.80569246916443,2.1400022435107,2.61575846310521,3.30422500569372,4.32115002788639,5.85945429238709,8.24943318969967,12.0726353452629,18.3833207743433,29.1516380554883,48.177146185325,83.030283214883,149.310460706441,18.1
"Tim","Taranto","Essendon","ok",1.00792001100411,1.01355775743498,1.02245839693305,1.03606281799217,1.05625341112976,1.08545086923683,1.12675601049741,1.1841718158212,1.26295582622742,1.37017523764627,1.51557446916948,1.71293079262323,1.98218956656349,2.35287498450795,2.86963553223134,3.60143915107006,4.65713959581164,6.21240091443929,8.55731180001193,12.1825374842579,17.9389250919136,21.6
"Tyler","Sonsie","Essendon","ok",1.10507224057952,1.15967543044822,1.23725998959039,1.3462103578014,1.49835217437835,1.71087802576364,2.0095091101071,2.43376977413265,3.04597419298146,3.94690439890849,5.30385579631804,7.40212887081872,10.7421491640286,16.2278272103578,25.5425724719577,41.9226619720715,71.7976952820707,128.382753444074,239.806057089634,468.127803657224,955.406602301715,15.5
"Noah","Roberts-Thomson","Essendon","insufficient_history",1.00124427137342,1.00247550658001,1.00472580737687,1.00866558531099,1.01528371436802,1.02597461600258,1.04263227585205,1.06776119345499,1.1046290462539,1.15750420231446,1.23204313915233,1.33592288196729,1.47986311639468,1.67927198370723,1.95691326296475,2.34729248338764,2.90401282245699,3.71238955149281,4.91160054905862,6.73455097764028,9.58146818100954,23.6
"Seth","Campbell","Essendon","ok",1.06901450038295,1.11810621397989,1.19459616048139,1.3110666526324,1.48633014716343,1.74981239497449,2.14956553987704,2.76724864213994,3.74703655740679,5.35345683012758,8.09162013920377,12.9673604304816,22.0741010482836,39.9757692340605,77.1169077955233,158.637966722307,348.305728314912,816.845738300601,2047.50560893327,5488.50380491803,15740.9355461102,15.2
"Steely","Green","Essendon","ok",1.58458401823809,1.80055837616238,2.09378463796032,2.49581152967216,3.05419293346073,3.84207244165746,4.97430128935556,6.63510817765738,9.12662132137388,12.9558435001662,18.9941192397492,28.7764111546476,45.0766084989882,73.0411147868184,122.479855792449,212.618517093331,382.222326340523,711.758785513852,1373.28515008543,2745.97673086911,5691.51386260999,11.2
"Jonty","Faull","Essendon","ok",2.21863497339008,2.78992414715207,3.65282949131956,4.99081600172917,7.12942894560766,10.6657624459633,16.7335995203803,27.565272914627,47.725294833526,86.9203074975551,166.647398339816,336.552689414405,716.339791399893,1607.67630414937,3805.98103312206,9507.69410621625,25070.1603280478,69795.7033304408,205207.047614237,637291.660262097,2090964.56341558,9
"Tom","Lynch","Essendon","ok",1.78275527357699,2.20024704270131,2.84699440231721,3.87631371199574,5.57072702448723,8.47217799576724,13.6650910251527,23.4180688469195,42.7037849281414,82.967041755391,171.920157397975,380.289877069627,898.657549132481,2270.07659530106,6133.21533021822,17731.20393646,54873.5986787349,181850.038052111,645532.3773573,2455222.13505301,10007628.3596021,10.1
"Mykelti","Lefau","Essendon","ok",2.06142201334742,2.5989428985813,3.42885027548909,4.7474906978618,6.91510917444498,10.6180371109704,17.2166649727511,29.521799584953,53.5987525012832,103.140720564892,210.545349591266,456.268272970523,1050.32978178457,2569.76951063483,6685.36726652499,18500.8268680935,54480.490586393,170767.341786934,569896.766993074,2025419.21160599,7667415.68430236,9.4
"Noah","Balta","Essendon","ok",1.04883774139012,1.0956164229002,1.176491170678,1.31114402341387,1.53123778711289,1.891102211344,2.48988807373574,3.51912586379578,5.36991105444724,8.88799177350898,16.0169555796489,31.5217553413994,67.9127400963842,160.492269526891,416.685967790537,1190.08467371016,3743.02374805747,12975.5119084092,49613.6531955282,209372.19452273,975669.553691715,14.7
"Jack","Ross","Essendon","ok",1.00052740968559,1.00104354131529,1.00199173294457,1.00366900057653,1.00652791455971,1.01122864580539,1.01869585233289,1.03017908590027,1.04731905628295,1.07222855094847,1.10760547751495,1.15690568267695,1.22461529896691,1.31667899203682,1.44116721230399,1.60931177589982,1.83712000656932,2.14791907989829,2.57643044390476,3.17541530553319,4.02672957508153,26.1
"Sam","Cumming","Essendon","ok",1.11402136707881,1.16238574755957,1.22756049700024,1.31462838833109,1.43037623740082,1.58406889641712,1.78862524229184,2.06242238133919,2.43210187237596,2.93700507931522,3.63630602378727,4.62069190220019,6.03185153934678,8.09562264736392,11.1794986393357,15.8944523962313,23.2790557980649,35.1396804153135,54.6932094526668,87.8092608174743,145.467918691609,16.3
"Oliver","Hayes-Brown","Essendon","ok",1.41795574698578,1.70119918496281,2.16497180739705,2.94364016132712,4.30216359209104,6.79245983571995,11.6323176848013,21.6783053262821,44.080716833046,98.007501922457,238.673885126294,637.520391208638,1869.93110714556,6028.52347388794,21379.2268280221,83455.4604310814,358789.91265515,1699623.71344816,8874970.05055799,51101354.3250351,324547875.825745,11.2
"Jasper","Alger","Essendon","ok",1.774709434219,2.04949443662567,2.42242203577262,2.93456496778597,3.64814738545583,4.65928653255479,6.11945547306221,8.27236521911976,11.5186611891845,16.5318410606924,24.4705319652592,37.3760648334927,58.9345027677057,95.9722975934185,161.464190378881,280.735050688047,504.577300554795,937.727223178165,1802.34719480754,3583.42767212241,7371.11677796103,10.3
"James","Trezise","Essendon","ok",1.03989238150494,1.06717642657007,1.10908853052686,1.17168775493466,1.26330242766133,1.39574092196303,1.58636000749969,1.86159677735421,2.26307782169105,2.85842221886118,3.76086746245194,5.1659873942324,7.42253582598221,11.1735767723277,17.6471355476295,29.275802930161,51.0657631901257,93.7360375005373,181.198396282019,369.099139074788,792.692208912509,16.9
"Jacob","Hopper","Essendon","ok",1.01623937244573,1.02611805963659,1.04083849557751,1.06220318583711,1.09250251225684,1.13464441075097,1.19235533279448,1.27049347778228,1.37553297153861,1.51630729331417,1.70515131812869,1.95966935736372,2.30550834576041,2.78077913652558,3.44323401869405,4.38214313471423,5.73833825552294,7.73873670979413,10.7570676490191,15.4230234899629,22.8228768686359,20.6
"Tom","Burton","Essendon","ok",1.44869956213901,1.65763348700278,1.95781108550097,2.39409964995543,3.03927895922025,4.01491055292183,5.53018651482192,7.95643948462586,11.9745464745616,18.8760690975958,31.1993487952312,54.120421123296,98.6053168290788,188.823401328422,380.258697738755,805.72566365634,1797.08061075503,4220.68747883464,10441.8196181979,27218.9196148402,74778.464084617,11.6
"Samson","Ryan","Essendon","ok",2.55223656502591,3.25137766932835,4.30283483675415,5.92601317163356,8.50672733297053,12.7447124535035,19.9506939055301,32.6639110611336,55.9785837831207,100.491488508629,189.08501122964,373.108893528005,772.438788011479,1678.47801151019,3829.49310092507,9176.41517250065,23100.7953075789,61108.9963697094,169901.858982681,496576.454090414,1525951.02963963,8.3
"Kaleb","Smith","Essendon","ok",1.14567022760708,1.24133245110077,1.38845190636541,1.61309718904388,1.95774350434663,2.49476377340052,3.35275173885577,4.76984114009053,7.20619053859829,11.5916471877597,19.8959543826718,36.5043254660064,71.7017108899171,150.958149467925,341.014214034844,827.278350782336,2156.79687876344,6046.60977484926,18238.3971095528,59214.4289074198,207014.859782374,13.6
"Liam","Fawcett","Essendon","ok",3.72034283750201,5.02149288715953,7.05921646241726,10.3508542032354,15.8498436976756,25.3722550341726,42.4980506868645,74.540047090027,136.996268191727,263.981877204169,533.580584981141,1131.8066104114,2520.30092615613,5893.61460571682,14477.1807770829,37365.2661201799,101351.485552013,288971.688443142,866202.31556241,2730170.72176048,9049553.2372041,6.8
"Ben","McKay","Richmond","ok",1.65933185784371,1.90054489656115,2.22867248681529,2.67993065959719,3.30921809490472,4.20144926004326,5.49071159510568,7.39332474200499,10.2661190882005,14.7114546433119,21.7708032878509,33.290009463429,52.6252456725473,86.0415723203223,145.55477326511,254.857973831728,462.014843490659,867.394527016465,1686.8809771994,3399.00462382573,7097.43138716856,10.8
"Zach","Reid","Richmond","ok",1.29831310583601,1.46319148189762,1.70899231296764,2.07825673215184,2.64216843914876,3.52430498217234,4.94724323193454,7.32741033643755,11.4756296418146,19.0383430108476,33.509441005181,62.6530253522393,124.570829699731,263.620712150188,594.238339769209,1427.70719044827,3658.08021394267,10000.1629862948,29179.4109655536,90910.4195410507,302517.652687514,12.3
"Andrew","McGrath","Richmond","ok",1.00444897795618,1.00882584100445,1.01666545596609,1.03003229140278,1.05182500174611,1.08599327906275,1.13786422557416,1.21469538544781,1.32663685758489,1.48838952080762,1.72204401905876,2.06197509037003,2.5634379221905,3.31805732308279,4.48255601212275,6.33369882480925,9.37678971771288,14.5671523994091,23.7781227930769,40.8260034125379,73.7998118747264,20.3
"Archie","Roberts","Richmond","ok",1.00001630649548,1.00003555788983,1.00007513308406,1.00015385241155,1.00030536894166,1.00058759609187,1.0010964164161,1.00198452211628,1.00348581811129,1.00594515512789,1.00985244214848,1.01587978830503,1.02492072782187,1.038132202647,1.05698295866756,1.0833161502475,1.11943887629697,1.16825696578334,1.23348017732413,1.31993271373457,1.43401949389594,32.3
"Mason","Redman","Richmond","ok",1.00549109074405,1.01125868403594,1.02182832008733,1.04016436449854,1.07046465119619,1.11853558212108,1.19242294796231,1.30354999521353,1.46876770294874,1.71401226505764,2.08086258331189,2.63853601374231,3.50648234923229,4.89839033097886,7.21101394164129,11.2102758502835,18.436622167167,32.1243998413207,59.3768186444457,116.541491037643,243.113073975643,19.3
"Jacob","Farrow","Richmond","ok",1.04536984126636,1.0689254679279,1.10225446270758,1.14853392795846,1.21186002886717,1.29761572816172,1.41304000064227,1.56810451469851,1.77686756463488,2.05958546065856,2.44605320104393,2.98098224918533,3.73282175264157,4.80851537259684,6.3786944080249,8.7215981775248,12.3013134795353,17.9102871513005,26.9349368732288,41.8625270071022,67.2722623295804,18.3
"Xavier","Duursma","Richmond","ok",1.099313191465,1.14863358880626,1.21778619925148,1.31360377902592,1.44551170704752,1.62687870337824,1.87717834816079,2.22549213402447,2.71628949474613,3.41916567447909,4.44561837819897,5.97863214749727,8.32611997983294,12.0198935536513,18.0037250795279,28.0003263429924,45.2473877371786,76.0161985561732,132.837519575843,241.562229565446,457.297268150779,15.9
"Darcy","Parish","Richmond","ok",1.00097578448847,1.00187281328811,1.00346823235005,1.00620160510347,1.01071746151404,1.01792270400957,1.02904761755918,1.04571242114919,1.07000768070286,1.10460562965735,1.15292976650268,1.2194222882561,1.30996545788608,1.43253939991742,1.59824442000638,1.82289590173467,2.12953982979666,2.55248305029511,3.14387004808408,3.98462987008499,5.20307750516889,25.1
"Archer","Day-Wicks","Richmond","ok",1.25592525426156,1.37783722099464,1.55029977706288,1.7947516838293,2.14405376895272,2.65003125031495,3.3967082229467,4.52414727440832,6.27259231094903,9.0665779459085,13.6800135923062,21.570313923644,35.5765712127803,61.4273088486084,111.109440516179,210.665158058488,418.901003976509,873.980253950973,1913.95852110479,4401.00299805391,10628.8981275952,13.1
"Jye","Caldwell","Richmond","ok",1.02627716996916,1.04156033002716,1.0639446081844,1.09594603419542,1.14078134712908,1.20260693587108,1.28689551782383,1.40102466289275,1.55519074761772,1.76383101363116,2.04785723367101,2.43821621746412,2.98166720673468,3.75034047206805,4.85787751527021,6.48726536966496,8.93989288051784,12.7239703870243,18.7176291166671,28.4770411269778,44.8329958391852,19.4
"Nate","Caddy","Richmond","ok",1.36565866430982,1.55628781384502,1.8376311903338,2.25732393067635,2.89494721959973,3.88810508465487,5.48317249651016,8.13755777691989,12.7333876877943,21.0412140600759,36.7666528856526,68.0113967840585,133.310768406441,277.110626665753,611.282084190322,1431.80340761876,3562.82872282069,9422.42759117298,26494.0449586213,79230.3265962258,252066.197110883,11.9
"Sullivan","Robey","Richmond","ok",1.0194089011155,1.03477870290953,1.05968611153286,1.09854055203719,1.15731247312925,1.24421182399232,1.37087325702552,1.55440365833653,1.82090915457129,2.2116393411897,2.79392630890027,3.68120303552675,5.07076197920631,7.31727637223172,11.0807708188534,17.6348455741465,29.5320653648379,52.0946861857662,96.8854170999049,190.116146639959,393.873912914101,18
"Archer","May","Richmond","ok",2.43789306588532,3.20389192791354,4.42806196805801,6.45373293168159,9.9419069087079,16.2191126749029,28.0661680749481,51.5849667224463,100.817916174534,209.719650651937,464.702803642115,1097.59231514805,2764.95103382283,7432.40211410768,21328.0385634125,65360.000996639,213969.056710158,748494.000549171,2798528.6174037,11185828.9211637,47806355.7436691,8.6
"Kyle","Langford","Richmond","ok",1.02259395915566,1.04355469845225,1.07945185118682,1.13816488336439,1.23097536935709,1.3745956486818,1.59499340173596,1.9345643048442,2.46578546328244,3.31800410127967,4.73203500592464,7.17615089524204,11.6034994947657,20.0500908305149,37.0919202103518,73.5772753973707,156.697211248942,358.666748651895,883.114597373024,2340.78572964239,6683.40000779652,16.7
"Archie","Perkins","Richmond","ok",1.15956607977291,1.24176309082983,1.35913612319869,1.52579076770223,1.7626948568104,2.10200832798601,2.59452240582233,3.32275035589616,4.42458354933456,6.1372541059192,8.88144767721423,13.4271638559445,21.2311688702665,35.1462020433172,60.9624017170196,110.875907488435,211.578801285697,423.836487850537,891.694109542428,1971.05415017749,4579.28513563567,14.2
"Nick","Bryan","Richmond","ok",1.2510490979273,1.46088531063667,1.82363830751633,2.46190172875706,3.62956910024192,5.89036440284532,10.5895096038105,21.1940135087704,47.4071343953936,118.875568735259,334.969049722055,1062.69690703339,3801.63890792985,15354.1348257521,70082.5602132273,361812.922059308,2114198.41147642,13990852.8709002,104903372.112653,891579006.818318,8592267373.1584,11.8
"Zach","Merrett","Richmond","ok",1.00011053133964,1.00024079937478,1.0005047075938,1.00101807547466,1.00197725634986,1.00369948258794,1.00667350233039,1.01161860053577,1.01954923022304,1.03184380022857,1.05032078321359,1.077333403445,1.11590495069373,1.16993944735964,1.24455777511284,1.3466313176621,1.48562163269554,1.67489892508124,1.93382614951455,2.29109788713329,2.7901845840658,27.7
"Sam","Durham","Richmond","ok",1.01057809428584,1.01679547594543,1.02600192843429,1.03930210377295,1.05808827764176,1.08409720444069,1.1194911799356,1.16697906388911,1.22999870787872,1.31299029767554,1.42180286468013,1.56429720690519,1.75124316601276,1.99766646792345,2.3248950615155,2.7637129972837,3.35929724027553,4.17907176795183,5.32541390467669,6.95656764980177,9.32167956255284,22.5
"Jade","Gresham","Richmond","ok",1.4698853674639,1.71435548719327,2.0793969076592,2.63324911020991,3.493371292776,4.86928170498023,7.14872695445784,11.077526534551,18.1496464425294,31.4878430188725,57.9165240638119,113.056937988386,234.42666033329,516.71795195984,1211.46387662328,3022.81444358571,8030.77039070264,22725.8742353457,68525.3866658236,220231.930553048,754607.195168911,11.3
"Jaxon","Prior","Richmond","ok",1.06151361280653,1.10080285772016,1.15988644087014,1.24681032609477,1.37294569679578,1.55495459970437,1.81815550087011,2.20235069462142,2.77213389205024,3.63561880718011,4.97948865262882,7.13665784935989,10.7211758213484,16.9063706574656,28.0186560492775,48.8519356154197,89.6881914878578,173.513372474852,353.958964970021,761.787484174197,1730.53875252763,16
"Matt","Guelfi","Richmond","ok",2.03293938789384,2.41220638765562,2.93768690353703,3.6769731245131,4.73581571422918,6.28321242068463,8.59524215947367,12.133340391899,17.6872587224129,26.6422914873841,41.4908727452271,66.8364015668302,111.413297696876,192.258848645283,343.560871613122,635.938676215374,1219.64300626443,2424.12752321416,4994.26847360992,10667.4593187547,23626.181826944,9.4
"Thomas","Edwards","Richmond","ok",1.95059822437997,2.39031667732731,3.04379712745504,4.0374671467091,5.59049231681332,8.0950981743761,12.2770178116279,19.526764014839,32.6074744028809,57.2221894640366,105.614269984683,205.159266148726,419.688471192102,904.589411382233,2055.20733019019,4923.85491412904,12443.5616140668,33181.8228995911,93386.1918237499,277453.115135501,870376.99005841,9.6
"Lachlan","Blakiston","Richmond","ok",1.75523002494607,2.12879623854942,2.69067994296576,3.55522591444477,4.92390611858534,7.16435880232318,10.9724936705201,17.7173269424089,30.2029403884769,54.4199986721701,103.740536938182,209.400110453287,447.865818274812,1015.59628631596,2442.97458712423,6236.38589081477,16901.6384341772,48646.350082879,148738.296651805,483232.724693136,1668581.90917962,10.2
"Elijah","Tsatas","Richmond","ok",1.01199394358958,1.02142638791502,1.03675810907083,1.06074633320759,1.09706168160783,1.15057580242718,1.22784217112315,1.33790685941256,1.49366144894222,1.71409023206069,2.02803026277709,2.48057054113873,3.14419314791756,4.13867402332061,5.66760963271561,8.08738047346587,12.0412252463567,18.7279323554843,30.4575238512094,51.8385325486265,92.4016479200928,19.4
"Will","Setterfield","Richmond","ok",1.08223349913295,1.134539520459,1.21326707243032,1.32964426113284,1.50015809717599,1.74999603400312,2.11910757901455,2.6731022022894,3.52339741302327,4.86566026917193,7.05563866417755,10.7640391454748,17.3044959065346,29.3547050825162,52.6052997686397,99.6862078018088,199.917616277244,424.600752852184,955.615344141017,2280.23788455695,5771.15956572885,15.2
"Nik","Cox","Richmond","ok",2.01814870843359,2.48712466712563,3.18531458834105,4.24949182514855,5.91739152719623,8.61558088625679,13.135337956008,20.9964717645807,35.2260828677581,62.0856313259754,115.044113388282,224.271158928937,460.221081359135,994.621080219809,2264.81127303827,5435.63597547412,13754.7554778939,36708.1280665245,103344.235605525,306987.016737443,962382.362124987,9.5
"Oscar","McDonald","Euro-Yroke","ok",1.3676491416021,1.51244437148854,1.70907551715871,1.97745963920303,2.34708875339369,2.86258112457197,3.5928916086769,4.64691398563322,6.20048729159513,8.54419309246221,12.169913991507,17.931345231459,27.3490098447568,43.2046652608016,70.730127683112,120.049244672291,211.333273987525,385.994595532247,731.699777130391,1439.92847094961,2942.45430463691,12.6
"Brennan","Cox","Euro-Yroke","ok",1.43590533278052,1.62115303889019,1.87974690336932,2.243946318796,2.76385707870339,3.51926699953077,4.64046892279131,6.34582601925526,9.01132307473162,13.3028445636081,20.4348423303666,32.6909122092646,54.503068063811,94.7589820304243,171.892551907521,325.485996607421,643.608243028156,1329.46929850776,2869.70314504208,6474.64473345283,15272.8368029079,11.9
"Heath","Chapman","Euro-Yroke","ok",1.07855914062017,1.11953647904147,1.17765831849259,1.25887001424103,1.37127253066499,1.52621890028881,1.74006931717385,2.03702534636655,2.45377969174969,3.04729801663585,3.90813301014697,5.18373921890624,7.12029621575001,10.1396244002422,14.9843270373398,22.9990637370807,36.6908321454896,60.8771424607926,105.108760690863,188.937982914433,353.73385164606,16.4
"Jordan","Clark","Euro-Yroke","ok",1.00147303362172,1.00289090431254,1.0054476465248,1.00986755633791,1.01720532663206,1.02893197389051,1.04702859102578,1.07410028537901,1.11353766482089,1.16977139999644,1.24868739332554,1.35830141231112,1.50984492086448,1.7195095359405,2.01127225983173,2.42154276037487,3.00696216479232,3.85778588045739,5.1213964844158,7.04463760384502,10.0519864040386,23.5
"Luke","Ryan","Euro-Yroke","ok",1.01024749852972,1.01761996817898,1.02926590597549,1.04705850050238,1.07344544454241,1.11159415535345,1.16561855274959,1.24094509672725,1.34490173198414,1.48765653065264,1.68370983829592,1.95428256047963,2.33119340005382,2.86327208352877,3.62719341683069,4.74619378147933,6.4231653318894,9.00059495848802,13.0718507826301,19.6931706096795,30.798316761292,20.6
"Judd","McVee","Euro-Yroke","ok",1.00019436415672,1.00107537996267,1.00481998782606,1.01767723291474,1.05404732865103,1.14192153522875,1.33300424429779,1.73065866926783,2.57204792172219,4.47906711351992,9.30328436791016,23.3486363619749,71.4722778311644,268.667070873758,1246.37391256783,7162.0548688183,51119.3803584781,454163.882961064,5030762.21904199,69568555.787127,1202266810.63004,16.9
"Nathan","O'Driscoll","Euro-Yroke","ok",1.15188488124231,1.22546530387549,1.32859899887732,1.47224532357214,1.67221747001521,1.95198955802892,2.34734482066218,2.91422870179331,3.74232436489618,4.97910023595752,6.87350286881665,9.85745730129953,14.7020789304079,22.8256282678732,36.9185367055574,62.2506749720574,109.491663929063,200.992788246534,385.245821195456,771.301183407763,1613.57010002132,14.6
"Andrew","Brayshaw","Euro-Yroke","ok",1.00201322367841,1.00373514805312,1.0066872647027,1.01156514888714,1.01934563371993,1.03135148410031,1.049322772923,1.07550514621754,1.11277490928422,1.16483230179815,1.23650808447143,1.3342479071875,1.46687065002017,1.64675236695663,1.89168519537785,2.22783269913233,2.69450799078685,3.35204850900775,4.29506265654596,5.67519195144519,7.74109271666055,23.9
"Matthew","Johnson","Euro-Yroke","ok",1.0962745741656,1.14704522829815,1.21940952204527,1.32121941844054,1.46348141558827,1.66210133556182,1.94074227426393,2.33557468189141,2.90333303418189,3.73530260162788,4.98221145995625,6.89968995461444,9.93354250760765,14.8841889195815,23.2330003984252,37.8094125424906,64.1971130197211,113.793307987093,210.684620831621,407.626952785715,824.480290665699,15.7
"Murphy","Reid","Euro-Yroke","ok",1.00337743728949,1.00632512543696,1.01138474306407,1.01972564065125,1.03296596460464,1.05327262795741,1.08348783133221,1.12731521722767,1.18961856604536,1.27691076627383,1.39814815909789,1.56601049785776,1.79896571344752,2.12463652195719,2.58538582050635,3.24778087651443,4.21900368483303,5.67600100998488,7.91857555807508,11.4686145463699,17.2605780708883,22.2
"Josh","Treacy","Euro-Yroke","ok",1.27108658444672,1.42628056623895,1.65940114634548,2.01176789956568,2.55278529954667,3.40360598977174,4.7839515976943,7.10831672333744,11.1916102848654,18.7072307674621,33.2523147691826,62.938608471201,126.994922128249,273.427077174011,628.680052715709,1544.7014261394,4058.22290134293,11405.5756483561,34306.1398507116,110473.501417885,380989.762078273,12.5
"Sam","Switkowski","Euro-Yroke","ok",1.5675666288978,1.77755087045468,2.06243356863657,2.45261067730244,2.99381253619054,3.75624449437775,4.84992926856579,6.45099402665305,8.84767509587383,12.5226099749463,18.3033960908442,27.6445267552066,43.1681382473338,69.7270169342384,116.547828321522,201.665927495363,361.349236529693,670.675905246378,1289.73273072026,2570.31525785733,5309.58064768094,11.3
"Patrick","Voss","Euro-Yroke","ok",1.7240724683403,2.06061904814418,2.55501682024134,3.29555246013897,4.43230734430271,6.22849796492481,9.16103211235923,14.1239572001986,22.8541953515589,38.8541646140393,69.4650894415095,130.704370146664,258.99800824885,540.795383253271,1190.4547221326,2763.88789654492,6770.41946809361,17504.0188253118,47775.9156096279,137700.81179818,419193.687352218,10.3
"Jye","Amiss","Euro-Yroke","ok",1.62092043550281,1.95356269971721,2.46304755523791,3.26147847577328,4.55115648750459,6.71175257544074,10.4856984749154,17.388979933512,30.6612176683759,57.5633717283142,115.198927499987,245.990568656009,560.934165869351,1366.87712362025,3561.44923584901,9927.09085389969,29614.371620778,94586.6676629902,323552.137154815,1185680.14369961,4655930.26352003,10.6
"Christopher","Scerri","Euro-Yroke","ok",1.85283293685686,2.28282613028107,2.93820738108769,3.96291173060044,5.61592901751219,8.38070244467769,13.1951182230155,21.9538819234457,38.650501310773,72.083040666068,142.546672160136,299.140739049811,666.629511155164,1578.47060771448,3973.26749450086,10636.645275997,30294.8038184767,91828.625210292,296316.970672304,1018146.80778972,3725922.412995,9.9
"Luke","Jackson","Euro-Yroke","ok",1.00318653687571,1.00809357258041,1.01882657859242,1.04035969231985,1.0804304863143,1.15062905530883,1.26846690355361,1.46166287617043,1.7769653990752,2.29834457683196,3.18561294888531,4.7602781619103,7.70684216591992,13.5724522410299,26.0838290225548,54.8447494067387,126.430260544876,320.072681836153,891.089353620351,2731.21016548691,9224.67912462988,18
"Shai","Bolton","Euro-Yroke","ok",1.00089353573404,1.00171967217013,1.00319384391017,1.00572809765416,1.00992948130004,1.01665600010952,1.02707617875335,1.04273346006169,1.0656225109748,1.09829273819351,1.14400417553836,1.20697242213588,1.29275450256826,1.40885122652877,1.56564223229869,1.77784095414795,2.06678096375768,2.4640627873734,3.01747576029773,3.80080332332268,4.93039304065324,25.3
"Neil","Erasmus","Euro-Yroke","ok",1.1503537272674,1.21140748555988,1.29310061503032,1.40178590649575,1.5460936616788,1.73800272020228,1.99447941730805,2.34001840286995,2.81064368024567,3.46031779453952,4.37139465250984,5.67198661026325,7.56537631227564,10.3808166228463,14.6630680457694,21.3335405658817,31.986598167361,49.4465604633799,78.838778890875,129.697687853124,220.21576368329,15.5
"Isaiah","Dudley","Euro-Yroke","ok",2.56033019549626,3.62602911712318,5.5364785528024,9.15439359316174,16.4504183240486,32.2203808773868,68.9448842802764,161.476194269109,414.585384502171,1168.31786325771,3617.39438741467,12316.5245139261,46147.3033761631,190383.520688265,865279.337457166,4334248.12449004,23936543.2914208,145793112.765024,979624910.500097,7263297569.09629,59436072900.8504,8.6
"Mason","Cox","Euro-Yroke","ok",2.40597639398494,2.91184060508942,3.61625433251642,4.61372130651666,6.05305641921708,8.17350137275805,11.3680262748232,16.2966554099786,24.0938226004964,36.756390447817,57.8867013242258,94.1496518510758,158.200253337015,274.714028659466,493.129310052691,915.281501370281,1756.94526415365,3488.64648492263,7166.83493339154,15234.8506916171,33515.9177122933,8.4
"Corey","Wagner","Euro-Yroke","ok",1.01772854205686,1.03166593966193,1.05421636403728,1.08934463130787,1.14238622612821,1.22060367568229,1.33415034901138,1.49772337691706,1.73338181972546,2.07538815540162,2.57868360268154,3.33410564515021,4.49650317875123,6.33827634565332,9.35459497818805,14.4770525431728,23.5224984554057,40.1697702905459,72.16438624096,136.486905973177,271.951557044322,18.3
"Michael","Frederick","Euro-Yroke","ok",1.43868029306082,1.60095239232299,1.81903192321846,2.11399474355394,2.51684338493561,3.07408648982019,3.85687977243786,4.97629577497882,6.60934845180398,9.04427365915325,12.761009343741,18.5774142087202,27.9210010762165,43.3458284403163,69.5395669391021,115.33443622207,197.825255035609,351.023103193428,644.526676743616,1224.90907332377,2410.01294793289,12.1
"Karl","Worner","Euro-Yroke","ok",1.01173689977775,1.02135734535157,1.03722835979294,1.06237449202578,1.10085654802352,1.15811330733985,1.24154233604516,1.36149397172635,1.53295400289905,1.77838341987585,2.13255795756862,2.65097838529321,3.42485657912252,4.6085697231897,6.47144681903059,9.49846412218401,14.5923070539421,23.492317554191,39.6730926529826,70.3408161172005,131.032421257405,19.2
"Jaeger","O'Meara","Euro-Yroke","ok",1.22936853855853,1.34021817435986,1.49713579798805,1.7193109456377,2.03592260625944,2.49264308580298,3.1629741083958,4.16852059865355,5.71625071392388,8.16894229044506,12.1823440601697,18.9804898470306,30.9260399628297,52.7410600628897,94.2098267054931,176.375167410326,346.263238869022,713.190260240371,1541.73669362152,3499.24169618119,8341.23857031292,13.4
"Bailey","Banfield","Euro-Yroke","ok",1.1234838358218,1.20680990280078,1.3355719218487,1.53236707766323,1.83347430157881,2.29987412931459,3.03852474246093,4.24493675992558,6.29183419392072,9.92173267903581,16.6840749770171,29.974259924698,57.6250498497831,118.702197369161,262.279154652603,622.188373528751,1585.86243943233,4345.85739438992,12811.2146238306,40645.6187277829,138841.941792607,13.9
"Hugh","Davies","Euro-Yroke","ok",2.5746113632447,3.28476170821607,4.35386369406831,6.00620789702997,8.63670469408998,12.9625484970486,20.3290622219889,33.3463503293814,57.258843729211,102.99319153706,194.183118802922,383.955081826463,796.551041425374,1734.5358577051,3965.88046880502,9523.8829842907,24028.2424711712,63703.7849394274,177514.466846374,520004.918922617,1601612.67473806,8.3
"Jack","Silvagni","Walyalup","ok",1.31545099227828,1.43720342154756,1.60085305554697,1.82144022493724,2.12072898989023,2.5308660926162,3.10029457003891,3.90349493741813,5.05735296164869,6.74923124944552,9.28614110834511,13.1827709285659,19.3226545987386,29.2601581739429,45.799968584348,74.1366761439033,124.152919297073,215.175128623277,386.078570265675,717.346835645101,1380.57564880523,13.1
"Callum","Wilkie","Walyalup","ok",1.00896851280032,1.01783016946503,1.03355944166728,1.06006873258354,1.10281432082441,1.16936127435869,1.27039923071357,1.4215900597062,1.6468905313751,1.98453131810127,2.4979628470076,3.2964662420025,4.57528742671957,6.69666049966023,10.3596807220913,16.9707753291917,29.4855418004205,54.4053631900853,106.728393733697,222.806586918491,495.367040515298,18.5
"Anthony","Caminiti","Walyalup","ok",2.31428667337068,2.94100988132515,3.89674530583453,5.39520715264015,7.82073947494947,11.8885749727917,18.9782214036649,31.8518797905465,56.2602341941005,104.670250988671,205.264778915421,424.564718227257,926.707281959624,2135.54910988343,5197.77206058572,13366.4293752052,36327.4461153949,104373.489395563,317089.769339081,1018825.90778406,3462759.82534808,8.8
"Liam","Stocker","Walyalup","ok",1.75372968311092,2.00795450053148,2.34802311342204,2.80769013414497,3.43701782737517,4.31158022862264,5.54755596055866,7.32693027804722,9.94037005706813,13.8615787787485,19.8788177368387,29.332319455325,44.5518917281364,69.6809854721125,112.262988964643,186.364218308978,318.865262288124,562.436190022299,1022.94517086958,1918.78621767397,3712.52702240057,10.5
"Bradley","Hill","Walyalup","ok",1.00088366282892,1.00207195535448,1.00457100616286,1.00950476523218,1.01867468674879,1.03478787383418,1.06171356258528,1.10482202088006,1.17153440326498,1.27230746370337,1.4224125801044,1.64511366275445,1.97734889677933,2.48006267944128,3.25751787928121,4.49459592579996,6.53142425195262,10.0182983461574,16.2498980674064,27.9157780695422,50.8574278111524,21.6
"Liam","O'Connell","Walyalup","ok",1.8061589492701,2.09943032543091,2.50085710648833,3.05742585655692,3.84124121717289,4.96523570324477,6.61005579382701,9.07105270629192,12.842210503148,18.7694329981969,28.3370298476559,44.2159941987534,71.3392031090541,119.063422802356,205.629779005404,367.611539424153,680.471271292605,1304.53653301061,2590.7455856184,5330.90820199346,11367.4304603682,10.2
"Marcus","Windhager","Walyalup","ok",1.00578665207856,1.01034431292057,1.01782473260461,1.0296602734011,1.04776693025552,1.07465076095923,1.11355888166085,1.16871628505806,1.24570913204225,1.35210271370578,1.49842843005986,1.69975685807279,1.97822356212197,2.36714473385264,2.91785272498406,3.71129496374761,4.87816740888477,6.63469528796422,9.34778875062207,13.6567117729516,20.7062664846626,21.6
"Max","Hall","Walyalup","ok",1.01044603813648,1.01749598316444,1.02839779722088,1.04475118409226,1.06862177623088,1.10265042224426,1.1502191699546,1.21571284618118,1.30493136362372,1.42573362616131,1.58903828907359,1.81038445141467,2.11239161537526,2.52869764588572,3.11037897466541,3.93662645772503,5.13286776411848,6.90219308884611,9.58106110313367,13.7403095029516,20.3726517112554,21.2
"Darcy","Wilson","Walyalup","ok",1.00661859453602,1.01232555198768,1.02198823780652,1.03767178952038,1.06217922002873,1.09924106906737,1.15381126515716,1.23256266438159,1.3447227496174,1.50346813067883,1.7282421056659,2.04863693220551,2.5110114955441,3.19003403802957,4.20934142861456,5.77953807707039,8.27009852342634,12.3494822616719,19.2666210956786,31.4345697092897,53.6809160212217,20.4
"Hugo","Garcia","Walyalup","ok",1.00418087224983,1.00738526250253,1.01261478533977,1.02086307550647,1.03346365606329,1.05215866947252,1.07918543110368,1.11740052770359,1.17047175814299,1.24318107620892,1.34190009346547,1.4753300273287,1.65565075542032,1.90031602854395,2.23489347726736,2.69763242486897,3.34694989906256,4.27394677451811,5.62377296362873,7.63288784397269,10.6954933496813,22.8
"Mattaes","Phillipou","Walyalup","ok",1.04725490967051,1.08104051187657,1.13368419125587,1.21343880594302,1.33203541118762,1.5068039229143,1.76441164572727,2.14750803804511,2.72679099163781,3.62356321309208,5.05329614018536,7.41271960298231,11.4603007542368,18.7045273724952,32.2724740007985,58.933139204318,114.013488055251,233.875045827446,509.03727849991,1176.29191281863,2887.38433748392,16.2
"Mason","Wood","Walyalup","ok",1.12841216427548,1.20168103185048,1.30904076337424,1.46485062849624,1.69067110263527,2.02006070934356,2.5070263130045,3.24129320972651,4.3767183553732,6.18583379493982,9.16801161688009,14.2713382582541,23.3640069291064,40.2730611996164,73.1616669655864,140.18728852981,283.525441283929,605.609190485387,1366.88544416656,3261.38970882986,8229.43862071501,14.4
"Ryan","Byrnes","Walyalup","ok",1.10633520545735,1.17493232036495,1.27903294288515,1.43483536582281,1.66721319851727,2.01601337430912,2.54762022005143,3.37680954513883,4.70947467034066,6.929254769862,10.7799942018229,17.7656094114798,31.063453628383,57.7025447107176,113.996523977695,239.739651291487,537.127861118679,1282.89658895045,3268.33073691945,8885.66266083272,25790.6932009168,14.5
"Cooper","Sharman","Walyalup","ok",1.28872735751705,1.46328867109472,1.73125938824229,2.14645254668254,2.80270398860861,3.87072456549029,5.67461623700166,8.85764880334074,14.757798031002,26.2990656475578,50.212664141008,102.861154288796,226.340318665383,535.510223240006,1363.40006032791,3737.89504141663,11041.6009877755,35160.3808592522,120746.950874088,447361.625491,1788705.11823513,12.2
"Dougal","Howard","Walyalup","ok",1.37216950601605,1.54428729109753,1.7890641138626,2.14000264598169,2.65015389970094,3.40592570037902,4.55209893063075,6.33844068496111,9.20913238103962,13.9796120438662,22.1974298189016,36.902953310788,64.2879442653638,117.43994912795,225.104815503237,452.964959603375,957.310534889133,2125.79311854843,4961.56370167056,12175.2064917542,31420.212213141,12.1
"Tom","De Koning","Walyalup","ok",1.34533971334329,1.6236583844456,2.10781158562721,2.97491749915182,4.6052192962756,7.87460670177096,14.9566880764708,31.6935658148884,75.1839692133393,200.202180542521,599.691740332311,2024.14472162428,7709.09133229131,33166.1356855652,161328.52595978,887928.400278376,5533076.13612903,39057564.6832961,312454147.983986,2833833509.47591,29148096270.1316,11.3
"Sam","Flanders","Walyalup","ok",1.00502002486788,1.0088919542805,1.01521098909238,1.02516821179087,1.04035606179747,1.06285187961747,1.09532979405814,1.14122923312417,1.20502212999042,1.29263890523978,1.4121413672084,1.57477920993481,1.79665290253057,2.10135847438754,2.52426126068855,3.11953413340766,3.97198971194756,5.21740539807326,7.07822434356444,9.92772402658706,14.4081250415387,22.2
"Jack","Sinclair","Walyalup","ok",1.00176635363093,1.00307988890802,1.00522097663186,1.00860996446544,1.01382394104116,1.02163101425272,1.03302658043085,1.04927382660275,1.07195386885707,1.10303481190861,1.14497341128149,1.20086815468299,1.27468940668783,1.37162264895338,1.49857777076144,1.6649453577178,1.88372714540701,2.17324411433989,2.55975250349424,3.08151116764182,3.79520719434337,25.9
"Jack","Macrae","Walyalup","ok",1.00158843342096,1.00356031837476,1.00752070246152,1.01500494483857,1.0283623265311,1.05099475084415,1.08765103195507,1.14487484355593,1.23178928216856,1.36151376780475,1.55369716018455,1.8390245062277,2.2673280468681,2.92254258026555,3.95114922936968,5.61815456918138,8.4212981274117,13.332963030896,22.3330067313593,39.6311363050489,74.5924862425958,20.9
"Jack","Carroll","Walyalup","ok",1.04747276996623,1.07921438418976,1.12761288673266,1.19952415360999,1.30448256584306,1.45620559269279,1.67516868755445,1.99303195110134,2.46038016962704,3.16059332328766,4.23542034075426,5.93358471530416,8.70613767578746,13.3997770020127,21.6624117045288,36.824753038162,65.8885625874248,124.185035429324,246.727738431938,517.027392400229,1143.34503996307,16.5
"Rowan","Marshall","Walyalup","ok",1.05282393903541,1.07974795506525,1.11764683693646,1.17006743329709,1.24161952762865,1.33842295191207,1.46879969046733,1.64434287255524,1.88157736711855,2.20457053971273,2.64910304954351,3.26945442825662,4.14965934635375,5.42256112933406,7.30274301864021,10.1446812971471,14.5477383703544,21.5501048771528,32.9955846763805,52.2442865709222,85.5844403406203,17.9
"Liam","Henry","Walyalup","ok",1.4488467915613,1.66107661137792,1.96746784952042,2.41513961040536,3.08107312225145,4.09487187193381,5.68153211868268,8.2443229824178,12.5305932756518,19.9746438387705,33.4315479267922,58.804673861382,108.790998943522,211.834787030018,434.390137175082,938.557038646604,2137.61395175863,5133.93638419821,13006.7192519247,34770.1520362148,98101.8277552196,11.6
"Charlie","Banfield","Walyalup","insufficient_history",1.12247077138695,1.19562197120047,1.3042347162599,1.4637860818267,1.69778948455029,2.04336382456807,2.56122645035185,3.35411816455757,4.60185552363801,6.63027777106315,10.0516689269966,16.0613036375678,27.0877652794217,48.2761257005269,91.0112336055498,181.647937545225,384.107429721034,861.052015894072,2047.33892062662,5165.7208903242,13836.4063476316,14.4
"Tobie","Travaglia","Walyalup","ok",1.79022720799648,2.13717520167827,2.63943757984726,3.38009844387161,4.49752017334263,6.22878495592333,8.99237384340917,13.55024681512,21.3354695436536,35.1358558215067,60.568188814558,109.367160197055,206.984608085058,410.792802212627,855.334653086622,1869.16275101779,4288.48312987355,10333.2081508853,26155.028331415,69560.708234006,194424.186985888,10.1
"Angus","Hastie","Walyalup","ok",1.91628171171365,2.36737798532564,3.05151005942142,4.11569430437334,5.8225823347041,8.65834652818086,13.557003954805,22.3843731629299,39.0230031815332,71.9032599645753,140.157337476679,289.235229016901,632.316829238863,1465.23117513468,3600.5707083705,9386.59414433304,25969.9006862238,76276.7541970336,237898.139348756,788079.00927514,2773442.05587951,9.7
"Hugh","Boxshall","Walyalup","ok",1.56506980910545,1.8270342041874,2.20693265556521,2.76641312320945,3.60771601737335,4.90557109332456,6.96800870239409,10.3559554522814,16.126150103642,26.3413441853452,45.1797719432283,81.4361901833968,154.373608288496,307.950395995411,646.804052706359,1431.0320430944,3336.44762916949,8200.27995241776,21252.7148171263,58097.4693772287,167555.5867063,11
"Wil","Dawson","Gold Coast SUNS","ok",2.07642500884284,2.4843906206679,3.05586621396766,3.86979545212119,5.05167535339613,6.80555193471558,9.47103625730077,13.6272887524333,20.2872540487324,31.2695418758683,49.9287690349126,82.6279291517955,141.787623062073,252.3776462814,466.133484079747,893.604025158231,1778.56206381155,3676.0622854304,7891.80434851892,17600.6765161311,40786.2296286568,9.3
"Griffin","Logue","Gold Coast SUNS","ok",1.63789173235464,1.90320006946462,2.27718120703205,2.81169761966033,3.58949105469243,4.74594041582668,6.50838987978023,9.26911032772027,13.7243517015766,21.1468429422834,33.9354269860348,56.7571981159047,98.9949134003038,180.159987785051,342.260331041488,679.017875981903,1407.2916683877,3047.88443662102,6899.88068340874,16331.154530919,40421.8444278309,10.8
"Charlie","Comben","Gold Coast SUNS","ok",1.54740377249448,1.76937992142602,2.07792704238705,2.51159228634649,3.13038230956587,4.02994488580367,5.36647069681866,7.40148928348239,10.5844922362937,15.7093153256253,24.2181389366246,38.8089896783299,64.6848136306303,112.198129465868,202.622040328312,381.139569773659,747.022948496218,1526.06697373264,3250.30277745031,7219.23808421304,16725.1810941324,11.3
"Colby","McKercher","Gold Coast SUNS","ok",1.00618219316479,1.01110841597171,1.01922058289967,1.03208745309444,1.05180918750802,1.08113834349648,1.12365627897293,1.18405464931234,1.26859496766489,1.38585373931841,1.54792032427204,1.77232311859564,2.08515758495726,2.52625156982856,3.15787243769806,4.07974062930181,5.45554009832826,7.56089700526899,10.8724514418378,16.2376304369808,25.2071736359596,21.3
"Caleb","Daniel","Gold Coast SUNS","ok",1.00400160842633,1.00729649551174,1.01281798909293,1.02172785421505,1.03560785375233,1.05654977102121,1.08727176892819,1.13129096739129,1.19319845489044,1.2791036248553,1.39734613038947,1.55962811100298,1.78281713410011,2.09184647337701,2.52445741783882,3.13910905669375,4.02846056534998,5.34288074892795,7.33241962135287,10.423586012944,15.3633713821091,22.2
"Luke","Parker","Gold Coast SUNS","ok",1.00000000000033,1.0000000000097,1.00000000023077,1.00000000438654,1.00000006669624,1.00000081192975,1.00000792296813,1.00006206867711,1.00039119761875,1.00199049847518,1.00823065834243,1.02801891316877,1.08034614054976,1.20079178870778,1.4562849172633,1.98780085843299,3.13682527403985,5.84465656637822,13.0619068373775,35.4156921302291,117.465784422949,24.5
"Jy","Simpkin","Gold Coast SUNS","ok",1.00907980449144,1.01609876626387,1.02747840619793,1.04526063946963,1.07215118111903,1.1116924388871,1.16853699328847,1.24889779142384,1.3612873543694,1.51771963247528,1.73566037718495,2.04121939764622,2.4744619694137,3.09843396924178,4.01486038559338,5.39213406252308,7.51651135977938,10.8882717440165,16.407354123057,25.7420455735355,42.0830367554977,20.4
"Finn","O'Sullivan","Gold Coast SUNS","ok",1.0112570555716,1.01886146624847,1.0306146634677,1.04823360884372,1.07393568035992,1.11056123597768,1.16176246961512,1.23230288969977,1.32853068304945,1.45912009194044,1.63622879744342,1.87731426691373,2.20801924224183,2.66683261584446,3.31276321291594,4.23823463828016,5.59121863229167,7.61406829859858,10.7132106565327,15.5871764212799,23.4675362741023,20.9
"Dylan","Stephens","Gold Coast SUNS","ok",1.03821764490389,1.06185494299186,1.09704785743293,1.14815732950529,1.22098313102938,1.32342383283264,1.46655746946838,1.666402041751,1.9467997687662,2.34421246990881,2.91585837556442,3.75384429339833,5.01032808575787,6.94349424467237,10.0038368546049,15.000636834312,23.4325150496745,38.1635398826369,64.8491883218958,115.040457169247,213.164778479991,17.7
"Paul","Curtis","Gold Coast SUNS","ok",1.23071228549828,1.334074854132,1.47730495038466,1.67572269477149,1.95195269737711,2.34027651030565,2.89392971776273,3.69761113802529,4.88944045820874,6.70046074377297,9.52753603560854,14.0714624800788,21.6058520346651,34.5155526852402,57.406586374123,99.4638491711716,179.616132854627,338.215439155439,664.319065772499,1361.57524628621,2912.84173994611,13.6
"Cooper","Trembath","Gold Coast SUNS","ok",2.77678870382496,3.76238862190188,5.37906263155352,8.13612011707036,13.0482978053827,22.228735191226,40.2870563498761,77.7788626452469,160.128142820793,351.863437082249,825.867390338677,2071.83568190841,5558.36215668712,15954.6915022899,49017.9438593822,161249.445041238,568132.068979534,2144485.24173317,8674013.4638162,37603559.5837351,174754333.197108,8.2
"Charlie","Spargo","Gold Coast SUNS","ok",1.6166918332031,1.84400430548234,2.15306254008464,2.5776342602461,3.16879178665367,4.0053622820364,5.21156210867774,6.98737760289138,9.66203645000699,13.7902168592264,20.3291333860557,30.9722144374387,48.7931948652288,79.5206320839647,134.124975379051,234.208925055466,423.543177022706,793.438310256209,1540.12857083418,3098.3064612987,6461.0080135112,11
"Cameron","Zurhaar","Gold Coast SUNS","ok",1.08923689601082,1.14203786672331,1.21982031374464,1.33262318542491,1.49495756842614,1.7285683168376,2.06716999651107,2.56472087410079,3.31024596024771,4.45515677841092,6.26513926310977,9.22183456796135,14.2286727421676,23.0418385313334,39.2047662242201,70.1493855318394,132.101692442536,261.987156243301,547.501804062143,1206.25091658167,2802.98103723828,15.3
"Nick","Larkey","Gold Coast SUNS","ok",1.90970495894126,2.39532796451575,3.15415584884104,4.37538752937361,6.41254428285606,9.95372856963252,16.3971522957139,28.7154892545903,53.5358004946247,106.381600782669,225.534772664448,510.560967220024,1235.02310743877,3194.15546789592,8837.15635109109,26165.8600720512,82944.5171950945,281587.130804981,1024080.74154324,3990801.73439951,16668087.2178421,9.7
"Zane","Duursma","Gold Coast SUNS","ok",2.40470562169733,3.12653407602587,4.26244127797282,6.10885174449166,9.22373824641687,14.6991434296635,24.7616561421354,44.149789777737,83.4082606013343,167.115884855416,355.37807633973,802.626353211512,1926.32690145161,4915.29465521538,13339.8938349556,38520.7257372394,118389.034438301,387366.357023197,1349676.32520301,5008713.37634819,19801243.3688958,8.7
"Tristan","Xerri","Gold Coast SUNS","ok",1.00695927262532,1.01642383706357,1.03567789941898,1.07193095683077,1.13601624874411,1.24422703334713,1.42210584727451,1.71225986424044,2.19043930727524,2.99945144103861,4.423915196603,7.06391709935995,12.2618330599159,23.2157177140845,48.0714563442985,109.095231893989,271.827378945672,744.669840602159,2245.53598278846,7460.63937350292,27332.2588097758,17.2
"Luke","Davies-Uniacke","Gold Coast SUNS","ok",1.00192420148149,1.00355143589719,1.00633064193137,1.01090917627928,1.01819567342245,1.02942024503292,1.04620026563479,1.07062012335839,1.10534188501315,1.15377393320557,1.22033658269412,1.31087994174641,1.43333525859878,1.59872582030969,1.82274193741759,2.12822169217143,2.54911976208782,3.13697388949864,3.97165013982507,5.179568540069,6.96527921422254,24.1
"Harry","Sheezel","Gold Coast SUNS","ok",1.00180054466756,1.00322442811477,1.00559756322331,1.00942691656987,1.01541644747069,1.02451146193579,1.03794603709915,1.0572975842075,1.08455761256882,1.12223377207613,1.17350511905951,1.24246102200037,1.33446634269996,1.4567153443765,1.61907026963916,1.83533732941468,2.12522901461659,2.51742526270988,3.05442757935215,3.80039224902985,4.85400348443353,25.1
"George","Wardlaw","Gold Coast SUNS","ok",1.00132712059208,1.00360712326154,1.00896405091457,1.02045557367399,1.04313474074639,1.08477497308398,1.15694973838734,1.27710102444263,1.47279333148574,1.79038972665172,2.31280253076273,3.19689671245462,4.75596057780368,7.65128015895637,13.3626077022545,25.4132368797868,52.7628330151963,119.832233440827,298.200620379402,814.166558131782,2441.54202116033,19
"Luke","McDonald","Gold Coast SUNS","ok",1.18829255806981,1.26382070522319,1.36498612165515,1.50004733168654,1.68046154417617,1.92246700294538,2.24954601039124,2.69631908864902,3.31481015102721,4.18471408655355,5.43054874268302,7.25087795432294,9.9691224781326,14.1237747824514,20.632066715754,31.093562420891,48.3663160773013,77.6862711476262,128.895124033709,220.985078587904,391.60708199636,14.8
"Riley","Hardeman","Gold Coast SUNS","ok",1.16153756484594,1.24853967657004,1.37446397259056,1.55573286278071,1.81724088011137,2.19801223623908,2.76117103295905,3.61198365409694,4.93147424579273,7.04100266245028,10.5303363685254,16.5201814272064,27.2191372782298,47.148135411814,85.9335770801726,164.926944515877,333.523476068964,711.056451121188,1598.92754827191,3793.82435964092,9501.73553924987,14
"Jack","Darling","Gold Coast SUNS","ok",1.51144851858791,1.69862326844359,1.95084286900482,2.2934584865461,2.76411927743323,3.41984420868724,4.34871674886619,5.68961004909156,7.66614102288446,10.646356050626,15.2499413145733,22.5451381135129,34.4188177403478,54.2886050873385,88.5068550164583,149.198430615434,260.144780258479,469.307187829605,876.201019970512,1693.38381948564,3388.45596316752,11.7
"Jacob","Konstanty","Gold Coast SUNS","ok",1.77040015172294,2.12097370101167,2.63388459439653,3.39907572154032,4.56865231553682,6.40775487318008,9.3933943906933,14.412607135587,23.1729262689668,39.0819680916434,69.1996127424384,128.73090377644,251.761019616441,517.913127744841,1121.22320694483,2555.46963799056,6134.04038056377,15511.510109526,41334.3199800631,116096.833644937,343775.017830212,10.2
"Matt","Whitlock","Gold Coast SUNS","ok",1.53930957819991,1.77919070833845,2.12178579866697,2.61765491746859,3.34865733892597,4.45105564971258,6.15823761607228,8.88200222687125,13.3718681110114,21.0370257642907,34.6180134101246,59.6349206113628,107.61795378003,203.571409659496,403.852985182549,840.621354442657,1836.61703648253,4213.34033847502,10152.0642749978,25699.0102121251,68361.7966668023,11.2
"Cooper","Harvey","Gold Coast SUNS","ok",1.94821465235262,2.47976945594192,3.32846607050855,4.72904854254004,7.13468104483372,11.4601312300375,19.6410866335308,35.982006528953,70.5663464995007,148.334003243728,334.551872434964,810.292349278772,2109.07436874095,5903.12009817053,17776.1885832045,57617.946709245,201097.424860121,756013.63636986,3062336.50087109,13368606.5227198,62910855.6293813,9.6
"Tom","Blamires","Gold Coast SUNS","ok",1.14962775132875,1.22660027202083,1.33631104158684,1.4916400719086,1.71155664720917,2.02488114230497,2.47669022256272,3.13947387600597,4.13307524232523,5.66131076197222,8.08115602039928,12.037350904191,18.7323734831483,30.4852721326248,51.9268299277013,92.6434402739657,173.23315168493,339.684478800296,698.798582626426,1508.81649136086,3420.445727154,14.4
"Oscar","Adams","North Melbourne","ok",1.44237842463689,1.60781410075988,1.83084794835777,2.13354909336457,2.54853894806896,3.1250117920342,3.93865924024641,5.10835831171163,6.82481415385135,9.40077175353549,13.3609786952088,19.6070327358341,29.7265280350317,46.5868078432225,75.5036602370342,126.600375450746,219.694213682626,394.689379888572,734.287777432976,1415.00636600758,2825.05607466303,12.1
"Sam","Collins","North Melbourne","ok",1.10831141390887,1.17779488611372,1.28308584087627,1.44050130843213,1.67511013205789,2.02708241968611,2.56334222293927,3.39958008143022,4.74326918854729,6.98083332109889,10.8611184465544,17.8971548384666,31.2829878338875,58.0777946275098,114.646749541791,240.85758216356,538.941185847267,1285.25579522204,3268.49302116315,8867.94860059645,25680.012799612,14.4
"Mac","Andrew","North Melbourne","ok",1.0119528123124,1.02207395717279,1.03896246590121,1.06597697119902,1.10766030253997,1.17015381477771,1.2619140311745,1.39495557862531,1.58698361943905,1.86505023360124,2.27190570365818,2.87728115515555,3.79848908080181,5.23917761016409,7.56455494167264,11.4522344447959,18.2051206323607,30.4236043042177,53.5033068310005,99.1007294003279,193.471833992847,18.9
"Bodhi","Uwland","North Melbourne","ok",1.00286153040733,1.00493154684307,1.00825600082662,1.01343767109994,1.0212865514232,1.03286061382158,1.04951126027392,1.07293967333718,1.10527496043306,1.14919032241122,1.20807974964903,1.28632619205004,1.38970519637962,1.52598955977133,1.70585664498024,1.94426032596644,2.26253044050291,2.69163274953913,3.27731292906763,4.08835202002747,5.23004945805432,24.7
"Wil","Powell","North Melbourne","ok",1.0339098966237,1.06027559131251,1.10255752213667,1.16807311660554,1.26712022847124,1.4147121880436,1.63367818655416,1.96020424352354,2.45389921460866,3.21658529866896,4.42853735987077,6.42087625892181,9.82561141104395,15.8987882215088,27.2448564508656,49.5094922402052,95.5107718874586,195.78413680004,426.779144190542,989.959537449373,2444.92693884529,16.6
"Daniel","Rioli","North Melbourne","ok",1.01093305791241,1.01807566967887,1.0290006069524,1.0452326961687,1.06872918329451,1.10197935476062,1.14815481255859,1.21134417198639,1.29691965773476,1.41210458881486,1.56684740405808,1.77517143069881,2.05727959691619,2.44288416099634,2.9765661881097,3.72656556064608,4.79948353315884,6.36537956134568,8.70151727470886,12.2702812475431,17.8610792521828,21.3
"Joel","Jeffrey","North Melbourne","ok",1.04106794250596,1.06478924967084,1.09938844726465,1.14873997472103,1.21793439690566,1.31380831055151,1.44579287189005,1.62726566544589,1.8777140993955,2.22624160001681,2.7173530328856,3.42070204405295,4.44788473009693,5.98205530760976,8.33142665238548,12.028354215831,18.0176228982699,28.0238833124887,45.2886453470263,76.090947585086,132.97775681288,17.9
"Christian","Petracca","North Melbourne","ok",1.00069393655426,1.00135626402566,1.00255692266668,1.00465271951432,1.00817840213154,1.0139017787405,1.02288296450278,1.03653757599122,1.05670864694157,1.08575969363739,1.12671094109843,1.18345182607361,1.26107676478638,1.36641171971374,1.50883360095503,1.7015448572081,1.96357130516065,2.3229364572085,2.82179279773373,3.52487713281318,4.53372867726142,25.6
"John","Noble","North Melbourne","ok",1.00038271228621,1.00085421984225,1.0018171073308,1.00368675978258,1.0071422917526,1.0132316437831,1.02348823321403,1.04005682769034,1.06583924452469,1.10469292518392,1.16174485852535,1.24391902595312,1.36082497715731,1.52623900499357,1.76056655306167,2.09497394216746,2.57844893538206,3.2901524105493,4.361595803434,6.01756783220844,8.65384369601713,24.3
"Bailey","Humphrey","North Melbourne","ok",1.287818348932,1.40227186480368,1.55687583186917,1.76611648763303,2.05098092437409,2.44253356509718,2.98772049993153,3.75897446585035,4.87043654153687,6.50593663049945,8.96831764398624,12.7683571442337,18.788828995688,28.5945119436069,45.032564057577,73.4250348463702,123.999940809575,216.981326980035,393.541942388371,740.039342962681,1443.19975715968,13.3
"Lachlan","Gulbin","North Melbourne","ok",1.8739803544984,2.31199979561486,2.97900521578333,4.02099814761557,5.70036172561433,8.50612216238578,13.3852439088999,22.2465823059197,39.1031529700024,72.7697534975393,143.510986027021,300.16291953722,666.281540431282,1570.49289580074,3932.82670267337,10467.6192482971,29622.6696904024,89160.3484108246,285503.324396728,972855.056076664,3528383.05878312,9.8
"Touk","Miller","North Melbourne","ok",1.00019971014707,1.00048935117474,1.00113444458179,1.00249012242802,1.00518094191105,1.01023351860794,1.01923137479725,1.03448419178344,1.05921754943063,1.09782075141103,1.1562364849647,1.24263356361602,1.36858225183154,1.55108502359806,1.81607445266205,2.20450512141587,2.78319534949214,3.6646587645152,5.04449288920596,7.2741442150656,11.0072820513457,24
"Jed","Walter","North Melbourne","ok",2.31206914168267,3.00670691755333,4.10930492242399,5.91923875328416,9.00787409408346,14.5113600911264,24.7885443330432,44.9634358610747,86.7047967612811,177.922128565525,388.848896023665,905.735420919763,2249.8380467532,5962.83295593487,16869.2664100914,50961.998841048,164454.612426936,567047.254938072,2089655.67927592,8232050.10650277,34673951.9962166,8.9
"Ben","King","North Melbourne","ok",2.42724829823772,3.25535813781083,4.62637249480817,6.99001719081436,11.2591645854036,19.3781170102344,35.7033768894435,70.5297918813416,149.575116164989,340.905160947562,835.762953008063,2205.63575040109,6269.90306180913,19208.7005403696,63451.9435480788,226085.706903468,869221.638974339,3606995.67213347,16159590.9336163,78177693.5669656,408497514.501048,8.7
"Ben","Long","North Melbourne","ok",1.6622542127125,1.95771414576672,2.38412384472953,3.00982019082852,3.94777130041079,5.39016220907927,7.67382797909672,11.4077863022362,17.7295951083717,28.8374231163929,49.1315921483542,87.7491833262326,164.394564407207,323.25013756383,667.433992981674,1447.7032909214,3299.98459958469,7907.5990472952,19925.0679183684,52806.1872613263,147229.372578099,10.6
"Ned","Moyle","North Melbourne","ok",1.66172612056837,2.17477709767604,3.09745338204057,4.84255587074145,8.36803665103956,16.0700497720014,34.4436890057095,82.6710982827777,222.788190751919,675.506850629874,2308.27958195323,8901.21351845202,38777.8866129439,191020.473272871,1064771.14359724,6720161.68702853,48047878.5859963,389340306.952323,3576900389.92774,37268802013.806,440519357549.887,10.2
"Noah","Anderson","North Melbourne","ok",1.00006455224713,1.00014430274079,1.00031029662816,1.00064200357211,1.00127852890421,1.00245190217739,1.00453100125501,1.00807529881806,1.01389607598539,1.02312246108958,1.03727199437965,1.05833124490151,1.08886112570717,1.13215302299262,1.1924752270422,1.27546612848826,1.38875636452996,1.54294610328314,1.7531416299537,2.04139371216568,2.4406259049186,28.4
"Matt","Rowell","North Melbourne","ok",1.00233678710519,1.00401756820734,1.00671729051555,1.01093001619011,1.01732337757867,1.02677372565842,1.04040404619667,1.05962834662716,1.0862097745895,1.12234387395475,1.17078307965147,1.23502435600686,1.31959018394834,1.43044628474294,1.57562119622395,1.76612874489954,2.0173537319243,2.35115925126681,2.79913792611248,3.40770671772156,4.24622162718062,25.4
"Nick","Holman","North Melbourne","ok",1.49831523541563,1.75659537967925,2.14292974814984,2.73074109902377,3.64703281840314,5.11948735705291,7.5716803258465,11.8228467392557,19.5235364658899,34.1447754807441,63.3201672833388,124.63832224374,260.629778776726,579.393825338383,1370.15182005575,3448.55604389757,9242.21601770846,26384.8533218051,80263.8395627218,260255.430410435,899717.548843473,11.2
"Leonardo","Lombard","North Melbourne","ok",1.18458760701909,1.28278972647625,1.42490585158511,1.62994831928288,1.92713599377675,2.3628882584246,3.01329911211414,4.00701585385044,5.56848295232397,8.10229098382125,12.3631686021635,19.8104065512938,33.37334134479,59.1662716567935,110.478813242085,217.431790539483,451.305726665421,988.438621862684,2285.36574086493,5580.31481241108,14394.8244320065,13.7
"Jarrod","Witts","North Melbourne","ok",1.67378642498681,1.92150649322347,2.25922623672933,2.72485926202717,3.3760859182097,4.30246726395923,5.64601036103482,7.63681953636329,10.6562483601714,15.3512833578594,22.8465305701186,35.1464910397059,55.9177496232787,92.0484137260203,156.83804769229,276.696993105537,505.600236912551,957.142720312904,1877.65755225206,3817.84747531055,8047.58485740982,10.8
"Zeke","Uwland","North Melbourne","ok",1.35041364554161,1.51969954957775,1.76307529970872,2.11575787334411,2.63420906689584,3.4117183957135,4.60714806133246,6.49956927997952,9.59539647440965,14.8453663341415,24.0989923653045,41.0901596211637,73.6532385426605,138.895700467514,275.746096191415,576.62658446021,1270.72780669122,2952.31636215613,7234.0591736413,18700.2057090959,51012.3458233282,12.2
"Sam","Clohesy","North Melbourne","ok",1.10737191310746,1.17293464934608,1.27071630469831,1.41463990844148,1.62563174868914,1.93639649615898,2.39993321671449,3.10511413649486,4.20606581367093,5.97943523117148,8.93991705364376,14.0818215690128,23.4033948316812,41.0898890784109,76.2928696768301,149.938156682933,312.138609775415,688.762070543693,1611.81899333397,4002.15473219841,10548.2192347131,14.7
"Charlie","Ballard","North Melbourne","ok",2.06091150317401,2.5283489672268,3.21498778414349,4.24609042104758,5.83511055479113,8.35665568216406,12.4887031128726,19.4983727252266,31.8345797974388,54.3979423315009,97.3553600763257,182.599368720885,359.113646989362,740.897189877364,1604.17323531461,3646.39280119023,8704.16530081667,21825.2271199369,57499.0961410409,159193.249579156,463265.787745303,9.3
"Jai","Murray","North Melbourne","no_history",1.12612940194384,1.20071821520396,1.31118706294067,1.47315237126515,1.7103459426781,2.06022466779065,2.58402253669826,3.38525981627759,4.64490313138399,6.69040594641455,10.1360447953266,16.1786213769565,27.2442946992715,48.459637764956,91.1351052235659,181.366381624804,382.211162031189,853.473247490766,2020.42653772197,5072.91831078073,13514.5916308506,14.4
"Beau","Addinsall","North Melbourne","no_history",1.14322765178751,1.22072962841438,1.33274441846044,1.49342554095309,1.7239059485427,2.05681468370191,2.54412667673342,3.27114558639116,4.38211381077634,6.12852087450104,8.96306614753735,13.7283339228266,22.0483801934064,37.1698167439544,65.8337531092121,122.598149893442,240.204503823373,495.43305180264,1076.23310413334,2463.35953990129,5943.03024429002,14.4
"Mark","O'Connor","Sydney Swans","ok",1.16727083548283,1.23999549212715,1.3391900456063,1.47384414695319,1.65659470543522,1.90563968985654,2.24778534112576,2.72338129009859,3.39446925574099,4.35851769221697,5.77207205054581,7.89238842571908,11.152413907923,16.2990359412882,24.6542495049845,38.6210320831731,62.6887992421005,105.485496663775,184.081430329242,333.271177953447,626.171919763838,14.8
"Connor","O'Sullivan","Sydney Swans","ok",1.20049564802176,1.29348861351317,1.42309448853712,1.60332381876288,1.85478315546516,2.20860848346022,2.71306025717497,3.44482886903251,4.52888437493446,6.17421024769409,8.73981885954779,12.8600206881419,19.6888124623304,31.3905244661498,52.1545000354028,90.3586545481278,163.330367050946,308.167628330888,607.166005687327,1249.63541405267,2687.51330458642,14
"Tom","Stewart","Sydney Swans","ok",1.00520046880077,1.00940142513395,1.0163688488795,1.02749718094546,1.04466490552546,1.07034089698947,1.10773251364483,1.16101639028197,1.23571286850725,1.33929272609416,1.48215072843247,1.67916278555374,1.95219294837488,2.33418790019187,2.87599320454166,3.65794880238726,4.8100734536298,6.54804943527205,9.23897972342112,13.5246568828261,20.5588232436641,21.6
"Sam","De Koning","Sydney Swans","ok",1.28502913431116,1.4085831834328,1.57934022978907,1.81595816480154,2.14632812128093,2.61318547349805,3.28360186980983,4.26541399715697,5.73634681162412,7.99693480671671,11.5691818835331,17.3854259241999,27.1599183459746,44.1408601087377,74.6775154881212,131.585466169617,241.600091098313,462.416935893564,922.937251004998,1921.53324907275,4174.26692635888,13.1
"Zach","Guthrie","Sydney Swans","ok",1.02695336274757,1.04356762845951,1.06832263918427,1.10425281253386,1.15529338790965,1.22661827032756,1.32518445830617,1.46060085365147,1.64650906303108,1.90278965291933,2.25913402850592,2.76093294304915,3.47918811885166,4.52757026417441,6.09246244994237,8.48715306150174,12.2520326118648,18.3446318047022,28.5096801012514,46.019583576785,77.1982284634181,18.8
"Jack","Henry","Sydney Swans","ok",1.26947511851944,1.59888083321908,2.28914147562142,3.81939490324044,7.5698640172586,18.0748016565747,52.5269688194066,187.162305166587,822.085021223734,4468.90921980077,30155.4264277285,253158.995209561,2648788.66675335,34588041.2799001,564295021.422185,11512585730.8419,293927479052.511,9396531764303.19,376332211898372,18890073746880156,1188800147968502016,11.2
"Mark","Blicavs","Sydney Swans","ok",1.13341538946853,1.19938137056295,1.29214323321392,1.42151935231732,1.60154442453625,1.8528702868079,2.20671995412751,2.71152288312595,3.44429992303917,4.53067284351046,6.18092572627749,8.75670643124718,12.8977644071679,19.7695579305395,31.5611350176842,52.5164970425762,91.1377022986921,165.042182128555,312.02602608711,616.117763761604,1271.069442709,15
"Bailey","Smith","Sydney Swans","ok",1.00004093581793,1.00009256393041,1.00020149957397,1.00042237704174,1.00085280123406,1.00165914508109,1.00311196286769,1.00563118437825,1.00983971720678,1.01662297367745,1.02719234137698,1.04315385637805,1.0665897600026,1.10016973478513,1.1473195662308,1.21248782861739,1.30156831472226,1.42256296488607,1.58661679396018,1.80963871097583,2.11486720870037,29.2
"Oliver","Dempsey","Sydney Swans","ok",1.01374103660174,1.02381653007616,1.03978058480771,1.0642150081867,1.10051422794974,1.15313776967168,1.22802585624018,1.33328643427808,1.48031929737194,1.68564748002924,1.97392034146403,2.38291390041861,2.97203067713998,3.83709132670945,5.13672539273961,7.1406937339454,10.3207755662494,15.526528803946,24.3350991314507,39.7684595659493,67.8099336063071,19.6
"Jeremy","Cameron","Sydney Swans","ok",1.10861503618516,1.16316501816044,1.23996850739007,1.34692476407449,1.49509251918883,1.70040735551465,1.98646773469915,2.38912382842023,2.96418804600679,3.8006849210889,5.04416765569642,6.93877508404293,9.9050531682157,14.6878074549946,22.6447849076039,36.326467276026,60.6749871772381,105.578929584668,191.488441154488,362.154908003686,714.492320656192,15.5
"Shaun","Mannagh","Sydney Swans","ok",1.01106113969201,1.02190550782058,1.0410363088443,1.0730923313239,1.12455407783873,1.20450574710062,1.32603617536624,1.50880556679697,1.78370734021486,2.20140497459899,2.84833884792149,3.87772638102241,5.57182311736863,8.47187561403623,13.6604891182999,23.4014549220268,42.6544172006238,82.8277958122807,171.528589101934,379.166152202687,895.322663058091,18.1
"Brad","Close","Sydney Swans","ok",1.91787252476996,2.25407958744652,2.71748502802998,3.36536517435917,4.28661195228767,5.62210133771395,7.5999844122587,10.5981659319151,15.2574010088095,22.6907653291373,34.8808943790795,55.4518473875966,91.2068504286372,155.271474763372,273.689552637627,499.64222957157,944.955446803403,1851.90438677263,3761.60469568036,7920.58941110177,17292.0033709109,9.8
"Patrick","Dangerfield","Sydney Swans","ok",1.26311969923129,1.39501563824632,1.58465136397591,1.85815886388459,2.25661905027652,2.8466472871659,3.7395841427883,5.12731729812637,7.351224865417,11.039149994253,17.3866705039277,28.7548123498998,49.9862160068039,91.4121156233285,175.988946734756,356.914682537064,762.908171583948,1719.52556872503,4088.33520486069,10257.3757539757,27164.9732334155,12.9
"Shannon","Neale","Sydney Swans","ok",1.2219078753536,1.35237769107314,1.54849474310176,1.84385669593159,2.29396593950457,2.99418033082695,4.11470416927092,5.97135606170157,9.17436282571791,14.954154722134,25.9055514705451,47.7643520229466,93.8480521139888,196.698500833056,440.153985439215,1052.32859332785,2689.73097686802,7353.68918809969,21514.7470886576,67386.0894225856,226023.260548331,12.9
"Jack","Martin","Sydney Swans","ok",1.27328481541824,1.4212222659218,1.63944600212617,1.96303793632329,2.4494089232742,3.19587782379839,4.37325100802153,6.29219349024666,9.53918502184266,15.2655712792997,25.8263823655474,46.2502583211297,87.7665248329023,176.644253803848,377.361685702634,856.221158269619,2064.54808114229,5292.7544538596,14432.2632409056,41873.3233801058,129307.870041779,12.6
"Mitchell","Edwards","Sydney Swans","ok",1.88228455034161,2.47503545612252,3.49312880700048,5.3220810095454,8.79462443256544,15.822112617075,31.0844304234225,66.8518494284525,157.69978608707,408.684922851272,1165.06591199388,3657.46337751167,12654.935499283,48295.764269565,203420.400337108,946110.584477963,4861194.03551213,27603341.9204662,173276297.186126,1202811566.98748,9235135885.30186,9.7
"Max","Holmes","Sydney Swans","ok",1.00007233492056,1.00015773476548,1.00033150276009,1.0006716452732,1.00131229780638,1.0024737681561,1.00450173887776,1.00791487255761,1.01345880548242,1.02216428420168,1.03540907311387,1.05498791965557,1.08320218701647,1.12299001236536,1.17812856274512,1.25355319854769,1.35585769210014,1.49407186850214,1.68086920867736,1.93445523082506,2.28155932594112,28.7
"Tom","Atkins","Sydney Swans","ok",1.01897740189955,1.0298144687517,1.04564050482902,1.06820532362193,1.0997128379247,1.14294341331648,1.20144165529965,1.27980478670652,1.38412175152972,1.52263811058166,1.70676408256685,1.95261471776937,2.28339262499747,2.7331311766791,3.35267550727559,4.21941133024893,5.45338527853302,7.24452913253438,9.89954620624736,13.9243063935373,20.1716819942888,20.7
"Lawson","Humphries","Sydney Swans","ok",1.00044613796709,1.0013297010684,1.00361352485747,1.00897849606605,1.02048539775957,1.04319160871831,1.08487642854886,1.15712186048802,1.27738381995068,1.47325181391329,1.79113643923465,2.31404405723842,3.19903347885791,4.75981178419634,7.6586186656158,13.3775060859876,25.4456627344915,52.8388725574663,120.025136508903,298.731766376273,815.758123879811,20
"Tanner","Bruhn","Sydney Swans","ok",1.01319023164951,1.02134077295369,1.03356850794544,1.0514262213899,1.07688803275514,1.11244982224713,1.16128175433704,1.22746474058999,1.31635546288672,1.43514505103538,1.59371128333983,1.80592374934262,2.0916632678744,2.47999165403257,3.01421122429376,3.7600879077655,4.81947050611916,6.3532904824351,8.621189763276,12.0512226015956,17.3650917921207,21.2
"Gryan","Miers","Sydney Swans","ok",1.00574227719902,1.01113088755328,1.02056997205756,1.03634329431874,1.06160965192157,1.10063812695501,1.15917998832109,1.2451067829714,1.36951398857077,1.54860898976763,1.80693198995362,2.18291057465568,2.73864052752516,3.57756902126494,4.87740817632966,6.95329919339184,10.3829458873482,16.2628363890674,26.7511834792559,46.2601196812051,84.171901187857,20.1
"Oisin","Mullin","Sydney Swans","ok",1.09249686454322,1.13463661832621,1.19234472630464,1.27047917586303,1.37551378650567,1.51628158651354,1.70511677716687,1.95962264937812,2.30544456967449,2.78069094266125,3.4431101671659,4.38196608863236,5.73808008157316,7.73835195041032,10.7564806628669,15.4221054700329,22.8214031692624,34.8743453098506,55.0611625343235,89.8556477178804,151.624395886983,16.6
"Oliver","Henry","Sydney Swans","ok",1.43580598358839,1.63918390791855,1.93119804192093,2.35516440807248,2.98119205746767,3.9261231107166,5.39057022209098,7.72979051168441,11.5935642095431,18.2112591816623,29.9924350152866,51.8366835617766,94.0940854582866,179.507777406329,360.12596776902,760.142616023176,1688.86465806256,3951.10350022656,9736.64391620813,25280.9319367697,69179.9257178912,11.7
"Rhys","Stanley","Sydney Swans","ok",1.66807588066996,1.96264193578408,2.38633618446542,3.00579322750161,3.93064050202574,5.3463844365834,7.57622824289713,11.2007124925051,17.2963711929102,27.926953299969,47.1878550178467,83.502602157797,154.850370415068,301.097945226855,614.178936790555,1314.78386317687,2954.90503577717,6974.28954870806,17291.9661588105,45048.7742177339,123341.619179542,10.6
"Jake","Kolodjashnij","Sydney Swans","ok",1.456911492748,1.71777206889811,2.11970067337709,2.75087647814449,3.77026680196522,5.47663309730412,8.45628238992061,13.9134584685685,24.443435871004,45.929365445836,92.4324131263694,199.464913098386,461.994557162349,1149.44314644405,3074.08174449984,8842.44607348448,27369.8981614226,91201.4359532033,327277.703504967,1265186.89259663,5270307.29202166,11.2
"Oliver","Wiltshire","Sydney Swans","ok",2.13558205448179,2.63788406393151,3.37893350846817,4.4974965614254,6.23150451547763,9.00124689586027,13.5726031065867,21.3873147359389,35.2528707746586,60.8318839816135,109.968933863666,208.387604608029,414.154431508014,863.647586708825,1890.44628824367,4345.03900493721,10489.4850379278,26604.7801546381,70910.5099646763,198653.319168489,585051.677428153,9.2
"William","Edwards","Geelong Cats","ok",1.54226477984737,1.74234584494025,2.0131293487788,2.38287241724219,2.89388126241121,3.61077612540405,4.63428826698104,6.12476387319492,8.34305041137653,11.723170696393,17.0044022818316,25.4768861883209,39.4492599187088,63.1609102079673,104.60655567692,179.280212269959,318.061839734182,584.282388301833,1111.6752985751,2191.17210482168,4475.14384040881,11.5
"Tom","McCartin","Geelong Cats","ok",1.00760858502632,1.01532412622585,1.02919389580232,1.05283218152116,1.09130486728611,1.15162875734979,1.24365756958801,1.38169605761648,1.58740890603996,1.89504619954377,2.36096087900702,3.08140430931621,4.22690481784799,6.11109248207724,9.33374040679824,15.0898882855851,25.8656344575066,47.0721201457233,91.0558642010441,187.402705407148,410.697508480644,18.8
"Lewis","Melican","Geelong Cats","ok",1.42163900484975,1.62551938662377,1.9211098002101,2.35460919244259,3.00175556421111,3.99061269108048,5.54465258950417,8.06681869960126,12.3090110766139,19.7256212574075,33.2375111665695,58.9446188282292,110.11372600834,216.835667103738,450.378440295291,987.211711598699,2284.6815999909,5584.62754416648,14423.2826327778,39369.9437600622,113608.203848875,11.7
"Sam","Wicks","Geelong Cats","ok",1.03799638187928,1.05679116169005,1.08305063556541,1.11907740145914,1.16777136453094,1.23283419665914,1.31907875417778,1.43289372570855,1.58293956733549,1.78119494817099,2.04454503696093,2.39722382143814,2.87462723801858,3.52936508741737,4.44103233535189,5.73226729454015,7.5956264079346,10.3394115924748,14.4673359914182,20.8197869102766,30.8294715370603,19.3
"Nick","Blakey","Geelong Cats","ok",1.00000252440429,1.0000084114395,1.00002627755761,1.00007699027119,1.0002116348513,1.00054607602391,1.00132351454984,1.00301605141874,1.00647150283147,1.01310173286464,1.02509980934954,1.0456783894832,1.07935378231085,1.13236169183724,1.21337465723973,1.33480033378666,1.51511377469333,1.78301638084624,2.18491751776117,2.79870178373025,3.75984638219064,27.1
"Callum","Mills","Geelong Cats","ok",1.00495983230794,1.00858913355565,1.01440487490361,1.0234272518324,1.03700784385997,1.05689508463998,1.0853190602506,1.12511500268611,1.17991428143454,1.25444343020478,1.35498896418497,1.49011430867817,1.67176452194798,1.91698001536421,2.25058855090738,2.70950296583662,3.34970838107824,4.25784329216548,5.57078312560725,7.5094468849014,10.4384121960636,22.8
"Jai","Serong","Geelong Cats","ok",1.02575349023136,1.04185168409036,1.06594748246022,1.10105806998221,1.15109938878451,1.22122028112189,1.31834262347066,1.45202592127683,1.63584476465774,1.88959398390277,2.24286480839811,2.74095042452118,3.45480443740199,4.49821407381784,6.05811403660722,8.44940225952552,12.2165629883033,18.3269820074737,28.5486057312249,46.2082891558644,77.7583349229237,18.8
"Chad","Warner","Geelong Cats","ok",1.01002997210013,1.01684051094119,1.02739772608967,1.04326930969518,1.06648204546555,1.09962801339715,1.1460250502595,1.20996934709673,1.29713383019259,1.41519072108098,1.57477920465309,1.7910136970137,2.08585876585354,2.49192601551613,3.05865528578948,3.86257725613883,5.02470652580065,6.74065298374425,9.33390728357439,13.3522930979359,19.7466790610479,21.2
"James","Rowbottom","Geelong Cats","ok",1.0923015926197,1.14368417035876,1.21803929577422,1.32411134272696,1.47432136588904,1.6869037951041,1.98947856085972,2.42512036219526,3.06290357538292,4.01669586816068,5.4795728469834,7.78864003817197,11.5507500893234,17.8938222940646,28.9852835520318,49.1369117123772,87.2399046827874,162.321358453163,316.68495317281,648.151368368785,1392.19958554092,15.5
"Malcolm","Rosas","Geelong Cats","ok",1.47362245047313,1.65334029519356,1.89717151561969,2.23057293327119,2.69161935034739,3.33844792529261,4.26170189072462,5.60576715416426,7.60579954877163,10.653725787163,15.4186014582206,23.0713138834946,35.7143824179539,57.2248317476886,94.9500995940587,163.211398988054,290.739038916167,536.895174745669,1028.08429950814,2041.86591721307,4207.06647947714,11.8
"James","Jordon","Geelong Cats","ok",1.1294374686851,1.20706683864361,1.32261203516696,1.49293638142184,1.74391984029754,2.11685028655162,2.68000947309071,3.55028660167604,4.9348278619648,7.21410385213069,11.1136330327665,18.0724898095276,31.065454819982,56.5129624391893,108.908419511491,222.527420953267,482.419322477791,1110.32334121995,2714.46534895864,7052.18826246638,19477.6444085578,14.2
"Jake","Lloyd","Geelong Cats","ok",1.03648886784404,1.062401651982,1.10270556974386,1.16353128263839,1.25332691656108,1.38410075520421,1.57356643208002,1.84883975556423,2.25288863160899,2.85604154096675,3.77710106567442,5.22327486928867,7.56814416375424,11.5090403880344,18.3958518596677,30.943071634982,54.8302499584662,102.440780141597,201.951512927683,420.359823780568,924.344295943188,16.9
"Joel","Amartey","Geelong Cats","ok",2.46455337291661,3.2458246874509,4.49614686047652,6.56847588365646,10.1435444921897,16.5900113241597,28.7825947699233,53.042059604763,103.945284335046,216.816550035849,481.757714157486,1141.05424400659,2882.53487067635,7770.46181118565,22361.7856897446,68724.561020655,225632.081768991,791576.776236383,2968203.03954274,11898574.6751701,51000997.2363535,8.6
"Charlie","Curnow","Geelong Cats","ok",1.75454341044852,2.18282816236072,2.86095503117577,3.96716110815335,5.84085988320201,9.15785124333789,15.3284898862814,27.4458574682078,52.6568279248422,108.401704482406,239.729694933371,570.07177696005,1458.84571100195,4020.28069520866,11937.6993297571,38213.3595824632,131923.661630436,491360.595594534,1975078.10080404,8570240.95628312,40154128.5903674,10.1
"Tom","Papley","Geelong Cats","ok",1.07429934598894,1.11774863814839,1.18142125787445,1.27308653469089,1.40365780243088,1.5889872605428,1.85286973955626,2.23213304233889,2.78544378511734,3.60892525485804,4.86461726202947,6.83382889792001,10.0201433043436,15.3544421795114,24.6161117502172,41.3272231095726,72.7163275645388,134.185247127236,259.843120535115,528.290304300737,1128.18594635699,15.9
"Brodie","Grundy","Geelong Cats","ok",1.00000429386739,1.00002146502873,1.00009489352669,1.000371368962,1.00128851351725,1.00397319868522,1.01093289334766,1.02702559128433,1.06062244690919,1.12509812580738,1.2414914525064,1.44436653453007,1.79497630965351,2.41079962621597,3.53408948424539,5.70040100023242,10.1818998574118,20.2412583071539,44.9621007387351,111.944096644979,313.156420723398,21.9
"Isaac","Heeney","Geelong Cats","ok",1.00020330288357,1.00042977197127,1.00087428616741,1.00171224387405,1.0032300558619,1.00587361005737,1.01030566715926,1.0174694660434,1.02865653619496,1.04558054570526,1.07046637993217,1.10617392771014,1.15638832614217,1.22592298778377,1.32120169954012,1.45101839592637,1.62772979495388,1.86913653884191,2.20148660778951,2.66435225421227,3.31870518195641,26.9
"Justin","McInerney","Geelong Cats","ok",1.0013472961105,1.00238090552424,1.00408953751414,1.00683128205181,1.0111054912847,1.01758624239155,1.0271575504536,1.04095142434957,1.06039257593656,1.0872571747724,1.12375720217865,1.17266667801874,1.23751189330275,1.32285620182849,1.43472332598168,1.58122523186498,1.77349716780374,2.02710274344872,2.36417171836595,2.81669992758897,3.43172317071542,26.4
"Riley","Bice","Geelong Cats","ok",1.01682950731648,1.03152498544632,1.05621638504406,1.09592651017152,1.15757889793036,1.25086740367096,1.38982553424955,1.59562684761707,1.90157142163075,2.36209156899773,3.06944101038711,4.18562056754653,6.00559811022247,9.08712044831406,14.5275242156753,24.5777067392154,44.0609143324491,83.794128181376,169.211787868743,363.120157799474,828.640817302321,17.8
"Angus","Sheldrick","Geelong Cats","ok",1.01732427096634,1.03110952920707,1.05351287579186,1.08854360118372,1.14160750951683,1.22007528389881,1.33427054407923,1.49917054949679,1.73731607082835,2.08382854509758,2.59522733338686,3.36532935976377,4.55476331531854,6.44746394854265,9.56232115895176,14.8812774701864,24.3316781122094,41.8434694217385,75.7539863509164,144.492348060418,290.559929848737,18.3
"Caiden","Cleary","Geelong Cats","ok",1.57241986948032,1.78421676981017,2.07165789353297,2.46551452617664,3.01211577993089,3.78264028407596,4.88872454622854,6.50922809063756,8.9371155927948,12.6633946946333,18.5308317666629,28.0220850723735,43.812909245535,70.8608219609771,118.60252491198,205.506136137952,368.756253114767,685.428351626231,1320.0883772679,2634.87584797439,5451.55976455163,11.3
"Tom","Hanily","Geelong Cats","ok",2.48278278739924,3.18285021180037,4.25197460478651,5.93135080772366,8.6550126609916,13.2306977423848,21.2154055428854,35.7226240337706,63.2206236503647,117.689794951606,230.60850100291,475.903375791969,1034.86804979712,2372.24991209056,5734.65231069561,14623.9956438745,39351.4527434451,111763.422031312,335103.077031408,1060917.34051894,3547188.1493487,8.5
"Logan","McDonald","Geelong Cats","ok",2.56634003262789,3.36204129773169,4.61450402614338,6.65117988132017,10.0875674040814,16.1255950088649,27.2081708241172,48.5124948894365,91.4986030059854,182.705210721564,386.524031548572,866.879041555493,2062.17676757866,5205.65748801643,13950.1135397221,39699.0387664199,120008.226900552,385463.677792739,1315819.48593529,4774599.38277095,18419707.1527607,8.4
"Harry","Cunningham","Geelong Cats","ok",1.44136813552349,1.6399969841784,1.92217791921956,2.32724833506636,2.91792660323031,3.79699973770593,5.13770129067438,7.24057771115549,10.6430691597637,16.3371076212214,26.2148716182052,44.0118530650822,77.3697471893323,142.506988469916,275.175180663694,557.316617343584,1184.39851623765,2642.1446682628,6188.96152861905,15226.6308133755,39357.038817236,11.7
"Hayden","McLean","Geelong Cats","ok",1.86397831037863,2.28905512150586,2.93165023743465,3.92715712639592,5.51623778177224,8.14200082700951,12.6509944653609,20.724445736783,35.8394835306302,65.4983249932917,126.614967735847,259.097345857339,561.63044480271,1290.30752117612,3143.41147363432,8123.74372589642,22280.0133023262,64865.797818977,200528.790073338,658420.376226754,2296612.76500423,9.9
"Peter","Ladhams","Geelong Cats","ok",1.34392053819712,1.50943751443031,1.74692965309545,2.09026398854666,2.59352231424648,3.34568366762457,4.49757979974969,6.31286806655154,9.26743296173691,14.2495176488037,22.9762449959687,38.8908423919357,69.1655066551462,129.340360247073,254.484947125358,527.1270754967,1150.01141609929,2643.6441520519,6405.81878468855,16366.4279190809,44102.2322066462,12.3
"Brayden","Maynard","Waalitj Marawar","ok",1.01527760765757,1.02514317177076,1.0401261704994,1.06223547176773,1.09405038876127,1.13887914200882,1.20100883090336,1.28610211911063,1.40182113659098,1.55880252438504,1.77218412042862,2.06401877038564,2.46714920431919,3.03154364432057,3.83486459634707,5.00047371148365,6.72877879997361,9.35304796091884,13.4411152491259,19.9851922656696,30.7649511723144,20.3
"Jeremy","Howe","Waalitj Marawar","ok",1.03099342611812,1.05059841326746,1.08001585123258,1.12299422784551,1.18446772643117,1.27105629417024,1.39188394712252,1.55990616259723,1.79406420462606,2.12281869204474,2.59004853089503,3.26511371681234,4.26043184153036,5.76294958830721,8.0919609246792,11.8081905843251,17.9253393412607,28.3321811300988,46.6599312056151,80.1195822699858,143.51768246438,18.2
"Darcy","Moore","Waalitj Marawar","ok",1.82573208804617,2.15670688269237,2.62321855204348,3.29129253840476,4.26669800321767,5.72304796493868,7.9526103831183,11.4605272375259,17.1441308894842,26.643520924684,43.0462781220616,72.3452331891659,126.54432386245,230.47964033109,437.273517130575,864.483126175133,1781.460373976,3827.62884540893,8576.72591342788,20046.7316828191,48885.2719484481,10.1
"Isaac","Quaynor","Waalitj Marawar","ok",1.02440755007826,1.040115682195,1.06384888785807,1.09871228920951,1.14875185033172,1.21930662966872,1.31758292622396,1.45358086842765,1.64158225459981,1.90255131617121,2.26806079583537,2.78683429370427,3.53588752643884,4.63994697893452,6.30612402088208,8.88739743263079,13.0018840477184,19.7629977307825,31.2360438035582,51.3702600785708,87.9582407874876,18.8
"Josh","Daicos","Waalitj Marawar","ok",1.00057705168569,1.00117715757774,1.00230749755168,1.0043493806863,1.00789023762028,1.01379300373058,1.02327137052074,1.03797035338821,1.06005865653234,1.09235054345101,1.13848915288182,1.20323992579385,1.29296444426515,1.41637862452278,1.58575800431902,1.81885875761334,2.1420138189689,2.59520821794953,3.24056846616244,4.17687655171941,5.56495800096526,25.1
"Dan","Houston","Waalitj Marawar","ok",1.00000000000862,1.00000000020668,1.00000000396058,1.00000006070475,1.00000074491767,1.00000732698866,1.00005785361816,1.00036748046696,1.00188412082964,1.00784782042313,1.02689448307462,1.07755867522007,1.19465177431488,1.44349606217518,1.9609978401126,3.07717736646194,5.69760258540981,12.6473725594991,34.0484991541114,112.101684851366,454.125640989325,23.6
"Patrick","Lipinski","Waalitj Marawar","ok",1.01029665751337,1.01810519052492,1.03066185649096,1.05013906883425,1.07940443280231,1.12221011365534,1.18349670704692,1.26989422532711,1.39054282392019,1.558425476055,1.79253280606505,2.12141690021368,2.58912920181602,3.26535928497631,4.26316222103971,5.77073580203868,8.10987184613255,11.8463809434339,18.0045481089011,28.4957058426297,47.0003960327124,20.2
"Scott","Pendlebury","Waalitj Marawar","ok",1.00011298436899,1.0002436190734,1.0005058562261,1.00101181729062,1.00195036782058,1.00362503532858,1.0065015080863,1.01126298034137,1.01887078478759,1.03062885559314,1.04825460193442,1.07396594882957,1.11060394907044,1.16182172409674,1.23238407930779,1.32864107976503,1.45926975373678,1.63643198692969,1.87759168817302,2.2084016197483,2.66736652474461,27.9
"Steele","Sidebottom","Waalitj Marawar","ok",1.1538114755674,1.22897797644044,1.33461938303235,1.48217918882682,1.68824907816398,1.97758821537323,2.38815156455188,2.97963935898576,3.84837898766043,5.15388404030197,7.16749866480477,10.3639169479467,15.5982198398781,24.4583357140087,39.9879513425642,68.2155394445494,121.492627974399,226.024051895832,439.433883235187,893.17670715314,1898.60889791757,14.6
"Lachie","Schultz","Waalitj Marawar","ok",1.14106192903205,1.20897345674992,1.30386184681286,1.43547723543362,1.61772429786979,1.87099483793656,2.22598586639505,2.73006616138735,3.45812549240926,4.53149977732171,6.15179824746635,8.66291115508149,12.6676780484135,19.2534034979809,30.4401042999579,50.0975224284008,85.8777380236813,153.41479041585,285.742329995513,555.105833020259,1125.18099680663,14.9
"William","Hayes","Waalitj Marawar","ok",2.60108686708924,3.48066644451867,4.91117529975807,7.32687924089773,11.5841361766676,19.4470500346961,34.7203865610544,66.0140016259899,133.811426576457,289.442907019296,668.633455977678,1650.66552090201,4357.35364626122,12305.250064863,37191.4765123104,120347.871135013,417072.317436372,1548391.54779446,6159571.16444959,26261026.7720339,120017641.319668,8.4
"Beau","McCreery","Waalitj Marawar","ok",1.16319227094992,1.23224205783273,1.325722300086,1.45164509322266,1.62113975719172,1.85002673279544,2.16128750040232,2.58900168954817,3.18473702210255,4.02812238152555,5.24469773103379,7.03668100618085,9.7371458433948,13.9075513732336,20.5173531950006,31.2826222690205,49.3200401386952,80.4417514594007,135.785258046998,237.296307098958,429.469885588615,15
"Charlie","West","Waalitj Marawar","ok",1.78658770897684,2.15183971223005,2.69041474796391,3.50108328886404,4.75287025699742,6.74427378694625,10.0200574064058,15.6092516253664,25.5269255917899,43.8700401755388,79.2998667483462,150.882056473531,302.372503388879,638.595786843002,1421.98595215343,3339.86361217727,8277.16405062356,21651.5611227998,59795.7458601087,174393.000947224,537226.629503813,10.1
"Jamie","Elliott","Waalitj Marawar","ok",1.08344425604601,1.14087072201656,1.22955085873524,1.36389566338449,1.56579499030724,1.87002556989732,2.33420339411645,3.05758894540233,4.21783722314231,6.14552532795749,9.48129693714352,15.520962543944,27.0062228690167,50.0184492463666,98.7282168973272,207.890968895685,467.392850966754,1122.77371118996,2883.57108479035,7921.78439886918,23289.6411923963,14.8
"Daniel","McStay","Waalitj Marawar","ok",1.80983326329381,2.21809393156347,2.83862989419859,3.80540027793979,5.35835444785544,7.94327350736013,12.4206763385118,20.5198968682979,35.8659899151166,66.399885813586,130.331524437142,271.447035970674,600.311037395283,1410.52476413198,3523.05021205212,9357.94369763385,26444.1419350604,79525.8541116146,254589.886259005,867833.885952247,3150578.57769009,10
"Darcy","Cameron","Waalitj Marawar","ok",1.01431856381481,1.03152112001045,1.0643025137706,1.12279736524248,1.2221972812273,1.38610509774008,1.65346780718396,2.09281884667066,2.83214413253138,4.12418057746397,6.49673456140369,11.1186058772398,20.7444972840019,42.3114113832858,94.5547209553315,231.933056021786,625.361755910365,1855.70359057275,6066.27335630569,21863.80584487,86939.2351350274,16.3
"Jack","Crisp","Waalitj Marawar","ok",1.00097380043477,1.0018655441485,1.00344912194917,1.00615863622795,1.01063012121499,1.01775802521633,1.02875522922855,1.04521842517963,1.06920686353938,1.1033509595306,1.15101728657863,1.2165683086088,1.30577115040866,1.42643502526029,1.58940055562452,1.8100805666499,2.11088537015179,2.52509959550598,3.1031928704734,3.9232958591752,5.10895109215659,25.2
"Nick","Daicos","Waalitj Marawar","ok",1.00004801633961,1.00010209019054,1.00021002453683,1.00041814729384,1.00080587037016,1.00150387292455,1.00271857971421,1.00476308740145,1.00809380629653,1.0133513498497,1.02140419461983,1.03339495355748,1.05079210940369,1.07545465185125,1.10972281614469,1.15655470766343,1.2197364351114,1.30420415589008,1.41653346569577,1.56568016448062,1.76410495907158,30.4
"Jordan","De Goey","Waalitj Marawar","ok",1.00000718200238,1.00002902190074,1.00010652645993,1.00035543442537,1.00107915507629,1.00298621975354,1.00755042072266,1.01751274748905,1.03748278587762,1.07463274813498,1.13967174395129,1.24864730441999,1.42663881176957,1.71530673735866,2.18829386194324,2.98343811135963,4.37311858787617,6.92595114220193,11.8994819013118,22.2508227511842,45.4012925895508,23.2
"Edward","Allan","Waalitj Marawar","ok",1.1329569458635,1.18916633352933,1.26499469760585,1.36655510131849,1.5021412612488,1.68326261933718,1.92623598649694,2.25466350740728,2.70335132503164,3.32461570365315,4.19862034234284,5.4506493512865,7.28054434415946,10.0139017566982,14.1929996234452,20.7418054674182,31.2721479352054,48.6649493578112,78.1998457674393,129.80412933184,222.642042914241,15.8
"Billy","Frampton","Waalitj Marawar","ok",1.48398610423794,1.71355028789102,2.04646286176925,2.53579134904232,3.26908535032875,4.39526082954713,6.17568347273884,9.0843303714471,14.0106935844537,22.6849789127952,38.6010431707243,69.0941457558727,130.198401457462,258.454112254957,540.784732305627,1193.2834898065,2777.96614456192,6825.51876480801,17705.5860836645,48503.5804630369,140357.003738603,11.4
"Ned","Long","Waalitj Marawar","ok",1.04532948674087,1.06862891105333,1.1015050208368,1.14704224449083,1.20920727951971,1.29319750740333,1.40597841720037,1.55710828876246,1.76000667064644,2.03392359996115,2.40703986678506,2.92143087603337,3.64116173028264,4.66574547062427,6.15296765997629,8.35839831080497,11.7052531292915,16.9106374329967,25.218859908835,38.8427148777961,61.8182065017174,18.4
"Roan","Steele","Waalitj Marawar","ok",1.09686877409,1.15223954952253,1.23304280488875,1.34931881228984,1.51556031071788,1.75342579251511,2.09635752421651,2.59759112652394,3.34439479859824,4.48409093592688,6.27301400924568,9.17145161367037,14.0336311057829,22.5004972489399,37.8396664714085,66.8057126405974,123.912238396599,241.616278330961,495.550479947921,1069.55978008571,2430.2778216423,15.3
"Sam","Swadling","Waalitj Marawar","no_history",1.05011933070104,1.08114845270279,1.1273419956456,1.19454346386611,1.29073270622466,1.42714243435895,1.62011461008921,1.89419539419033,2.28736649529754,2.86007523043515,3.711213364142,5.00715801494248,7.03604674917981,10.3121929114477,15.7830812440342,25.2526895653597,42.2755749785736,74.1092855968233,136.127211369039,262.152866762499,529.561075247167,16.8
"Jack","Buller","Waalitj Marawar","ok",1.73181887059908,2.14150911611758,2.78554320203754,3.82716035541465,5.57371450525727,8.62953868400716,14.2384292269703,25.086653766714,47.2773458135111,95.4317482270131,206.566965374987,479.925224930117,1197.78958411452,3213.48719094842,9272.81816922183,28793.8176620304,96254.6825643651,346527.019331509,1343944.68979883,5616600.1303973,25299812.3734837,10.2
"Angus","Anderson","Waalitj Marawar","ok",1.11211238945874,1.17253940326333,1.25938185004415,1.38278633249372,1.55737549085829,1.8049177086814,2.15881802038149,2.67181995477574,3.42953470072068,4.57484005999116,6.35311455426216,9.19853715829074,13.9036989360113,21.9633821290894,36.2939548976924,62.7893541830837,113.80340614601,216.222574064883,430.870700294246,900.921131747257,1977.37424755482,15.1
"Liam","Duggan","Collingwood","ok",1.01907264753211,1.0305216685936,1.04748963797858,1.07199667092233,1.10661201271794,1.15461316753812,1.22023487520667,1.30905788836774,1.4286106021134,1.58929615094168,1.80582622844316,2.09946177451299,2.5015673184669,3.05934899354337,3.84529513038308,4.97301925167156,6.6243968369251,9.09703694203747,12.8891510966729,18.8547190459226,28.4938076069126,20.2
"Reuben","Ginbey","Collingwood","ok",1.2588185905806,1.40431988778383,1.62113356450465,1.94574855678004,2.43850429488128,3.2029593592429,4.4234801519358,6.44085694996634,9.91025467264973,16.1443572047374,27.8899823488648,51.1623129088208,99.7734917326271,207.039917385087,457.523781647879,1077.42704517862,2705.37205426789,7246.78266246313,20716.9937547026,63231.0777462548,206108.009710213,12.6
"Brady","Hough","Collingwood","ok",1.83644445845561,2.22979317642294,2.81407730605671,3.70126959163473,5.08521046162484,7.31251565961932,11.0243551721952,17.449653258677,29.0330316646051,50.8294409851965,93.7204404065351,182.126092695409,373.254427359872,807.17868247187,1842.76732882743,4443.07937752897,11317.8472709449,30467.9758747426,86704.2903671934,260890.230632641,830206.672832189,10
"Tom","McCarthy","Collingwood","ok",1.01220855749823,1.01944356123601,1.0301685576458,1.04567177391072,1.06757853575582,1.09792389650671,1.13925955686209,1.19481619611484,1.26875018717391,1.36651552629669,1.49542124787018,1.66546713207967,1.89060491468447,2.19066314195513,2.59432680474061,3.14382340543709,3.90241750002334,4.96660736697873,6.4863329015877,8.69907969692256,11.9885371665912,21.9
"Tylar","Young","Collingwood","ok",1.15789693288253,1.25184993670271,1.3920339434235,1.60001324061881,1.90979001328766,2.37710445394211,3.09672728206232,4.235662676436,6.09916605049799,9.26690584296068,14.8847269752096,25.3152088900779,45.6496251259877,87.3766416501827,177.691329737231,384.234702716964,884.057592768604,2165.55318963566,5650.36014628488,15710.3926256783,46565.168503618,13.7
"Liam","Baker","Collingwood","ok",1.08159857360288,1.11994541136038,1.17283742592218,1.24485790491775,1.34208694009381,1.47278425413811,1.64844106613326,1.88541003482492,2.20746146817239,2.64985630759504,3.26595392580295,4.13814007714193,5.39626367272161,7.24938864207508,10.0416493182775,14.352679250196,21.1823015244884,32.2981617126565,50.9058985287317,82.9732691747628,139.913244966245,16.9
"Hamish","Davis","Collingwood","ok",1.17086450626603,1.24869034001484,1.35620916710683,1.50407256061894,1.70753655798629,1.98902764859597,2.38232627276771,2.93951975739256,3.74280905714657,4.92501856286978,6.70607440490802,9.45948441929279,13.8365844627428,21.0048695342685,33.1176251546327,54.2653774908866,92.4594035756091,163.890258316167,302.351140378901,580.746203501891,1161.76372670999,14.5
"Elliot","Yeo","Collingwood","ok",1.03381092321954,1.05272210514986,1.08006925015085,1.11874844806277,1.17248164274347,1.24612735061469,1.34616875537391,1.48147392070083,1.66447768087187,1.91303085867473,2.2533307542973,2.72464357580545,3.38706001208397,4.33449096504445,5.71690385802866,7.77919936955985,10.930709959024,15.8723236813437,23.8345841651589,37.034663872067,59.5757294594605,18.8
"Ryan","Maric","Collingwood","ok",1.01940341892307,1.03353498925778,1.05579510594895,1.08968752382549,1.13986027310268,1.21254663958098,1.31630985130397,1.46328851843157,1.67126619575187,1.96712879373289,2.39273168542773,3.01507792415328,3.94442831977056,5.36740691604617,7.60924495793645,11.254273282758,17.3863316209702,28.0837101618943,47.471727948581,84.0376438871642,155.901291391713,18.6
"Willem","Duursma","Collingwood","ok",1.03986563184417,1.06148923991736,1.09246809067459,1.13594499256566,1.19597516725881,1.2778873660172,1.38884856602969,1.53874114198144,1.74152697354273,2.01738763468216,2.39613066573613,2.92270705029702,3.66632279308569,4.73579455094425,6.30597806449547,8.66425082402684,12.2941151648065,18.0290751998685,27.3426777148966,42.9087785607978,69.7114594224753,18.4
"Jobe","Shanahan","Collingwood","ok",2.08599793654825,2.63300401722746,3.47680317821678,4.81629849493343,7.01590079489498,10.7686674620111,17.4454705487513,29.871873241436,54.1277820821628,103.894722301399,211.422939087412,456.467606943354,1046.24763721798,2547.15009566714,6589.71786384042,18123.4636508863,53005.9974210267,164909.855618586,545906.566227527,1923263.63786215,7212655.47304034,9.3
"Harvey","Johnston","Collingwood","ok",2.40321678217554,3.08340453516476,4.12999685006009,5.78797421458693,8.503412931856,13.1176520633004,21.2771473883818,36.3305373990387,65.3673595689106,124.035437023914,248.391892858708,525.293326569133,1173.72825814059,2772.2429938182,6924.10195398858,18294.1445375496,51145.3869383397,151342.104917107,474101.819787691,1572642.4628299,5524753.16926269,8.6
"Malakai","Champion","Collingwood","ok",2.37223605962189,3.10084840509492,4.26119485414564,6.17336300755717,9.45086086909629,15.3191293974887,26.3344307511283,48.0770655771671,93.3203361283479,192.778773917748,424.17117857079,994.769241690481,2488.04521794728,6639.9889380252,18916.347436421,57547.9775997723,187019.219519119,649423.896823461,2410256.87303824,9562812.9459975,40567517.5514443,8.7
"Jake","Waterman","Collingwood","ok",1.24673554372498,1.39882477305716,1.63218115250398,1.99222481738071,2.55705977528679,3.46686218022947,4.98409919639673,7.62219396178964,12.4327816792441,21.6771950548467,40.4734012875915,81.0433461702746,174.254636911694,402.734451481403,1001.37232920339,2680.58784326848,7730.16491684206,24026.9378174588,80529.1018787287,291151.25031698,1135899.23320859,12.5
"Milan","Murdock","Collingwood","ok",1.04033689934938,1.06658432774339,1.10627255450672,1.16472806557151,1.24917185672155,1.36967270632609,1.54074373827303,1.78401085596157,2.13271797622534,2.63948027070014,3.38995373402751,4.52758791619715,6.29972505048588,9.1459962244972,13.8730292069031,22.0107500574919,36.5630553552306,63.6435369856132,116.166007437049,222.475479973475,447.293341896219,17.2
"Bailey J.","Williams","Collingwood","ok",1.12835436174533,1.24724768143628,1.45431626516448,1.81223683076096,2.44155957549672,3.5915225522785,5.81457030940896,10.426632239598,20.8126682726941,46.4267483315163,116.091015974484,326.189165451315,1031.8465129411,3680.46674670349,14820.8114843146,67446.8344139871,347162.430265178,2022482.65683243,13343449.4950921,99745552.214814,845162237.64511,12.9
"Harley","Reid","Collingwood","ok",1.00215330748496,1.00400918690312,1.00719771093636,1.01247353340807,1.0208953619365,1.03389539280298,1.05335702527219,1.08171341541533,1.1220904961889,1.17853102910075,1.25635220174893,1.36271260592848,1.50750367109575,1.70474997781076,1.97482593828908,2.3480147143522,2.87032601331102,3.61319959234343,4.6900372068049,6.28499554165593,8.70428690860686,23.6
"Tim","Kelly","Collingwood","ok",1.00247210907043,1.00423808981155,1.00706622554985,1.0114666433052,1.01812652771334,1.02794546725206,1.04207380469732,1.0619580212021,1.08940081275172,1.12664771272081,1.17651688432869,1.24259468493577,1.3295282732553,1.44346038758825,1.59267429180947,1.78855468818321,2.04703276474693,2.39078683724332,2.85264279320336,3.48091137661305,4.34790339735611,25.3
"Josh","Lindsay","Collingwood","ok",1.00631392188772,1.01276862866399,1.02444355494766,1.04446318381103,1.07721892092275,1.12876679844866,1.20750885678028,1.32542252158552,1.50026499226856,1.75949400629999,2.1472948411169,2.73745105356232,3.65763191459795,5.13679036581339,7.601014845286,11.8747039874145,19.6194538163331,34.3309355367486,63.7002008481774,125.456000222108,262.487195141781,19.2
"Bo","Allan","Collingwood","ok",1.34740733798458,1.5181172707173,1.76475260775912,2.12400115784294,2.65507822100871,3.45656240423554,4.69773656459884,6.67875711908377,9.94993337729659,15.5561955971658,25.5557872287497,44.1610509250311,80.3426530436348,154.00821386613,311.256391330755,663.612291723915,1493.2871004017,3548.03046474877,8904.40277934694,23612.0463838825,66175.0884615551,12.2
"Tom","Cole","Collingwood","ok",1.44398578385201,1.61090483936297,1.83628269792669,2.14267338825772,2.56349293271737,3.14926127593001,3.97792217284172,5.17225141108744,6.92983738720088,9.575829479325,13.6578128846294,20.1203770232842,30.6339345278603,48.2292154786323,78.5523606117751,132.411707175877,231.082464605727,417.655442617078,781.98983581763,1517.13216780379,3050.5678577319,12.1
"Rhett","Bazzo","Collingwood","ok",1.53088390541853,1.77920021292138,2.13926796623674,2.66908192919464,3.46462227864967,4.68960760954879,6.63214233332193,9.81598815564598,15.2263307989206,24.7835298115512,42.372565194536,76.1624304046493,144.031115418157,286.754121314977,601.367496713549,1329.08689542698,3096.90900513825,7610.62442381953,19731.6893668574,53985.7265228969,155908.06982609,11.2
"Jack","Williams","Collingwood","ok",2.79627119931942,3.72005960247977,5.18937408214187,7.60743422871201,11.7417883395495,19.1112807670514,32.8460573338709,59.6763508551002,114.725207287952,233.562009304366,503.882541418313,1152.64032680747,2797.13371343383,7204.0206493763,19698.8606314534,57207.4524620248,176495.012651534,578613.278910928,2016115.28288823,7467877.21444849,29410890.658254,8
"Cooper","Duff-Tytler","Collingwood","ok",2.15432055075906,2.66446417244669,3.41739152541868,4.55448137635881,6.31827423489501,9.13742074359902,13.7934168153381,21.7580731503469,35.8986332314207,62.0003979028126,112.168477406385,212.69919405669,422.96369152071,882.421808685197,1932.20704150248,4442.03815496823,10724.8383874789,27201.4555697988,72491.3481693852,203030.427630707,597716.72375051,9.1
"Tom","Gross","Collingwood","ok",2.06846411176604,2.59647159197862,3.40453379298675,4.67564633356823,6.74116002703904,10.2231075374687,16.3343126464176,27.5353483034637,49.0297702320957,92.3076570661895,183.902502144026,387.988239399206,867.34959295205,2055.60875866301,5167.15980570433,13781.503927181,39014.0112298896,117260.34609798,374282.737963231,1269008.44893158,4571217.2656669,9.3
"Harry","Schoenberg","Collingwood","ok",1.6167611834753,1.90163143982906,2.31599037468565,2.92885421499438,3.85546410044024,5.2941478094773,7.59708971276705,11.4105259774987,17.9616554824982,29.6659767264982,51.4587415602496,93.8216939747383,179.926398277151,363.15724202344,771.839763969768,1728.1685550309,4077.92966013867,10144.5895412668,26613.2770889028,73645.0724296565,215015.342532784,10.8
"Logan","Evans","Carlton","ok",1.05573744680061,1.08477320960752,1.12589065448233,1.18309430188105,1.26164432028138,1.36861233368758,1.51375085364705,1.71085282089168,1.97989443001342,2.35046026628454,2.86731604119697,3.59965597026085,4.6567704252039,6.21516994322524,8.56659919889378,12.2050036957167,17.9878284515578,27.4425879463767,43.3644214319538,71.0114591879931,120.560748715465,17.6
"Esava","Ratugolea","Carlton","ok",1.46307326320344,1.65898165284547,1.93277282303975,2.31913683763654,2.87218268824215,3.67843704215305,4.87980921719865,6.71520024878549,9.59788655864165,14.2633772653518,22.0599354409206,35.5361646013187,59.6654559784713,104.477410843722,190.895238489774,364.114287375644,725.306814391422,1509.37515061651,3282.43131292987,7461.61745597537,17734.197406164,11.7
"Todd","Marshall","Carlton","ok",1.24084703982132,1.34638646855169,1.49192558357424,1.69266547749863,1.97098145762362,2.36063803425221,2.91381420317098,3.71307012990958,4.89220612715261,6.67350238619664,9.43586880080798,13.8427917420276,21.0889818075971,33.3890171746638,54.9731079200438,94.1761363206904,167.953392560805,311.946531629223,603.639715740862,1217.37538114602,2559.44576411877,13.6
"Darcy","Byrne-Jones","Carlton","ok",1.00425352845491,1.00782566778668,1.01385083326919,1.02362364810388,1.03891005480269,1.06205085990616,1.09609991249375,1.14503487270601,1.21409866429775,1.3103562680331,1.44359384177245,1.6277624998979,1.88330659857739,2.24096732337848,2.74811269405594,3.47950181067341,4.55601820628472,6.17806821998172,8.68662946373083,12.6777575279169,19.2231716757277,21.9
"Aliir","Aliir","Carlton","ok",1.12292426110192,1.18150302841177,1.26293966107776,1.37514096859104,1.52915129343321,1.74082125684982,2.03348630954621,2.44233336169896,3.02165895446953,3.85719554682596,5.08752341829006,6.94214684176579,9.81086267029132,14.3733390326658,21.8475023070277,34.4785466875074,56.5285493203269,96.33679684073,170.736272453207,314.80866509506,604.102822993569,15.4
"Kane","Farrell","Carlton","ok",1.000000003247,1.00000005054719,1.00000062994398,1.00000629214718,1.00005044654913,1.00032530178177,1.00169269590217,1.00715111085482,1.02482759997138,1.07239482734175,1.18322336439422,1.41965975508824,1.9111290308451,2.96667573800783,5.42687432000004,11.890047023908,31.5723751228089,102.478031910107,409.115508799418,2018.03071628147,12340.8926093293,21.6
"Ewan","Mackinlay","Carlton","ok",1.1204722811419,1.18102845798662,1.26643306936913,1.3857219858842,1.55171687221311,1.78315411886089,2.10817797709678,2.5701730737321,3.23771545297806,4.22195719411634,5.70776222259166,8.01092642087293,11.6861760975345,17.7367100821188,28.0325372948627,46.1706861925814,79.2987561087619,142.103997803813,265.826121015677,519.30750193845,1059.85853633611,15.2
"Jason","Horne-Francis","Carlton","ok",1.0011109663352,1.00213058571536,1.00394019858371,1.00703228438053,1.01212500162611,1.02022338274944,1.03268440285473,1.05128932015647,1.07833426068124,1.11675993645438,1.17035297248969,1.24406539214881,1.34451892942855,1.48079413432409,1.66566255616406,1.91752308713064,2.26348460097488,2.74435805613667,3.42289863691047,4.397696310169,5.82709064844064,24.8
"Jase","Burgoyne","Carlton","ok",1.00462148989471,1.0086089449547,1.01539516980461,1.02648040786906,1.04391669480337,1.07043409736829,1.10961690290423,1.16618206443731,1.24643927052905,1.35905007000063,1.51626790035342,1.73595921507169,2.04492592004107,2.48445866644878,3.11981972610115,4.05682671841267,5.47159321925039,7.66527551313735,11.1676115733396,16.9382933160312,26.7701227500544,21.4
"Christian","Moraes","Carlton","ok",1.03425491836433,1.05521805686779,1.08634294520369,1.13141055388491,1.19539187881832,1.28495584530556,1.40929372843368,1.5814471942001,1.82045173353805,2.15483555908887,2.6284333790506,3.31025463768057,4.31162593404413,5.81669959398931,8.13812887999639,11.8213387249963,17.8451164565353,28.0183516644155,45.7875469150278,77.929728343526,138.211334923443,18.1
"Mitch","Georgiades","Carlton","ok",1.36223147102194,1.56315240468682,1.86581089958632,2.32738670866703,3.04631414612033,4.19862811281626,6.1116075317572,9.41890842590311,15.4009000253666,26.7636194186197,49.5021787614239,97.568263916485,205.133544375768,460.445152430662,1104.19103287124,2830.74306555897,7761.98053841353,22774.7818205314,71533.9817727593,240597.775439458,866797.390345451,11.8
"Joe","Berry","Carlton","ok",1.17778219687561,1.25205517159548,1.35244724194018,1.48760483230254,1.66960625486654,1.91571199655382,2.2511208677205,2.71338156457791,3.35958503727921,4.2783217205843,5.60996723130128,7.58182440712865,10.5703277773376,15.2136248896264,22.6200553818623,34.7634390424097,55.2510054934225,90.8530066594658,154.628662513804,272.484596295851,497.310182645503,14.8
"Corey","Durdin","Carlton","ok",1.8002495933314,2.17181203730304,2.7201367436497,3.54634717120897,4.82373599380016,6.8587819117968,10.2116623294263,15.9422062075334,26.1292394412647,45.0066568496948,81.5412669654422,155.507872146519,312.376569219237,661.292419294551,1476.05572181818,3475.2303655115,8633.56874034584,22639.0193387421,62676.2895416913,183244.53559791,565890.484317516,10.1
"Jack","Whitlock","Carlton","ok",2.02567262819625,2.57475004509428,3.43926031819675,4.8438187082841,7.21287874795101,11.3824619502407,19.0726952413068,33.9889135826897,64.5054655580612,130.520447008949,281.834051237654,649.960118705486,1601.95634717103,4222.15376402229,11905.5475590766,35931.8240890243,116113.137335001,401876.317054512,1490155.60077399,5921112.80999728,25217343.2330937,9.4
"Joe","Richards","Carlton","ok",1.10308111138462,1.16770594614242,1.26482928412636,1.40874142709738,1.62102019674947,1.9355908009886,2.40782944481105,3.13137512007786,4.27016823979354,6.121619616461,9.24567376842222,14.7384693882293,24.8354536645805,44.2951187554518,83.7092495543115,167.772680063652,356.890460612948,806.306101777068,1935.79767739486,4941.10433626977,13414.4304622794,14.7
"Jordon","Sweet","Carlton","ok",1.26213519698204,1.45133434368901,1.76005853185752,2.2701025561014,3.13676645540349,4.67173865855375,7.53697374511341,13.2247223697194,25.3194211959947,53.0308568414973,121.764603982629,307.020173777736,851.265133162286,2598.39456280175,8739.60870525604,32416.1460246125,132676.585156885,599552.854635337,2992690.47386432,16507022.829477,100645799.164147,12
"Zak","Butters","Carlton","ok",1.00012930160349,1.00027435397462,1.00056115090118,1.00110674024649,1.00210566780391,1.00386681705078,1.00685898583837,1.01176345746906,1.01953121943714,1.03144371931561,1.04917995941685,1.07489942038467,1.11135912916464,1.16209350107879,1.2316979398721,1.32627442372957,1.45412532096316,1.62683025208853,1.86092583401241,2.1805567456522,2.6217276240003,28
"Willem","Drew","Carlton","ok",1.0166071699598,1.02629187353809,1.04053880810282,1.06098493835719,1.08969476036414,1.12926903597443,1.18301088959826,1.25518127257821,1.35138890622166,1.47918130056089,1.64893982973103,1.87524352224651,2.1789706827649,2.59058543315904,3.15536320185768,3.94184696238306,5.05578470663284,6.66353885556195,9.03217631669113,12.5995128169837,18.0990406307522,20.9
"Jacob","Wehr","Carlton","ok",1.16902488263173,1.29691316659502,1.50490693707779,1.8427367454062,2.39999408084784,3.34734979936842,5.02801319578307,8.17164741962988,14.4235156555701,27.732876418423,58.2290211092849,133.770310761145,336.782278081819,930.40909389651,2823.5713680901,9421.24294691681,34587.7666175788,139801.027321339,622441.606053674,3054078.23573631,16520379.186702,12.8
"Ollie","Wines","Carlton","ok",1.00595561852623,1.01008858111249,1.0165793843206,1.02646762509257,1.04111198348206,1.06225214561985,1.09209125764985,1.13341739250115,1.18979071847427,1.26583354185361,1.36767613019184,1.50363737357008,1.68526408275534,1.92892928620391,2.25832089440724,2.70837791543277,3.33162591666477,4.20856430449108,5.46502602108685,7.30176809844477,10.045946040017,22.7
"Tom","Anastasopoulos","Carlton","insufficient_history",1.13107239407653,1.2040395527127,1.3102045018896,1.46326762632569,1.68365837295153,2.00291644271219,2.47133034252814,3.17158491313057,4.24384088633151,5.93322641246503,8.68262593719262,13.3199562117763,21.4491157689695,36.2952132771114,64.5995556153052,121.031000880191,238.861917476239,496.860461172196,1089.87783082251,2522.12106752045,6159.74304244735,14.5
"Jack","Watkins","Carlton","ok",1.31616100222254,1.43675620284659,1.59837202430366,1.81555572392524,2.10927407865672,2.51036074109223,3.06505851453227,3.84409703944123,4.95785271678794,6.58217884181256,9.00333475545953,12.697817742338,18.4773592461707,27.7583010414019,43.0738358710829,69.0716781202768,114.505554022086,196.31199171653,348.174191502896,638.992838522194,1213.81297873251,13.2
"Josh","Lai","Carlton","ok",1.2338271846861,1.3504426835247,1.51716584357106,1.75572882475892,2.09969620159289,2.60251116688013,3.35180293719208,4.49553900534204,6.29124065691319,9.20144750864796,14.0848012807275,22.5911980681204,38.00705675995,67.1279156186065,124.560059428548,242.978540106314,498.549797950863,1076.48051302516,2447.02746594628,5858.16248655283,14774.3739676486,13.2
"Dante","Visentini","Carlton","ok",3.95691078594293,5.38712487100622,7.64132843455841,11.3081955236663,17.4801649440179,28.2531188735801,47.7896083350464,84.6585032572954,157.165111639577,305.935709034611,624.741350882727,1338.89506853533,3012.49226108079,7118.28858850485,17669.1562186905,46084.2507401787,126322.105401613,363981.475479237,1102620.72535804,3512253.72388428,11765692.6201405,6.6
"Will","Lorenz","Carlton","ok",1.10363461890622,1.17568660805654,1.28772514588149,1.45933873536,1.72148801265289,2.12546813764928,2.76004034945177,3.78529759025664,5.50226391104397,8.50198968995898,13.9991188491059,24.6128334716988,46.2840356798242,93.2208018235361,201.329826124429,466.698022632888,1162.11155743721,3110.57096143229,8954.97088808744,27741.7777722843,92519.6755903953,14.2
"Brandon","Zerk-Thatcher","Carlton","ok",1.72267748374792,2.040804964823,2.49982757215331,3.17375293689871,4.18507775356326,5.74238574488974,8.21146768989034,12.253864935438,19.1051073197676,31.1514353492908,53.1649629388217,95.0400100516075,178.070328210042,349.876051747516,721.234467298629,1560.46405032255,3544.85928216367,8457.57598514185,21198.8303816992,55834.2153666291,154562.069414741,10.4
"Oliver","Florent","Yartapuulti","ok",1.00727366731289,1.01232753711515,1.02024985713398,1.03228938763489,1.05007245183991,1.07568073615424,1.1117612236136,1.16169429397923,1.229856959363,1.32203345877009,1.44605007373855,1.61275338466739,1.83752467168772,2.14265044244705,2.56109051790685,3.14257506109599,3.96366011442303,5.14464485763785,6.87862327329219,9.48244089498764,13.4880444610454,22.1
"Wade","Derksen","Yartapuulti","ok",1.29372206458628,1.45635112298329,1.69877503968622,2.06281512613432,2.61836041453218,3.48658820427485,4.88547234868104,7.22228218314116,11.2888934129811,18.6908924415902,32.8301841427173,61.2542183128097,121.529998081027,256.630041404255,577.216859027104,1383.75422888003,3537.58519947765,9649.12867464539,28091.7785754186,87323.9120636485,289923.079285682,12.4
"Lachlan","Cowan","Yartapuulti","ok",1.05189835731673,1.08610644146796,1.1380338279313,1.21494432303114,1.32699765729993,1.48891011957066,1.72279766516944,2.06307753201874,2.56507792480926,3.32055235860494,4.48645695782392,6.33999304366519,9.38730794820914,14.5854119217863,23.8111368710436,40.8883079568311,73.9227697248476,140.818648286451,282.837982608431,599.324248008937,1340.44323567212,16.3
"Nic","Newman","Yartapuulti","ok",1.01110783134237,1.01778406852828,1.02773229519776,1.04218126903389,1.06268522878322,1.09119173953107,1.13014042450495,1.18261242566666,1.25255779526915,1.34513885967268,1.46724518701314,1.62826519589794,1.84124863478747,2.12467635164732,2.50519180559376,3.02188319068931,3.73310904513479,4.72756795680885,6.14257415138866,8.19478787571525,11.2328722631281,22.1
"Harry","Dean","Yartapuulti","ok",1.6484920062751,1.98241582039391,2.48779961326004,3.26963167626386,4.51416389419933,6.56420585967265,10.0755044819963,16.3542702200498,28.115487444691,51.2592270410934,99.2161622652082,204.067720277815,446.358596747704,1038.95482824217,2574.87468571267,6797.83888924974,19125.8453128905,57366.826925332,183495.957022507,626088.25150805,2279246.8509962,10.5
"Billy","Wilson","Yartapuulti","ok",1.25861689173718,1.36060459574785,1.4976573231087,1.68191947769567,1.93073390126741,2.26939392288729,2.7355406353303,3.38631843121041,4.31024631742442,5.64731186059072,7.62369384977944,10.6130562449052,15.2471511005758,22.6199717260261,34.6734836970417,54.944156163511,90.0439001751266,152.673312113372,267.914035088513,486.722718799721,915.665836975195,13.7
"Adam","Cerra","Yartapuulti","ok",1.06828427685092,1.10442212856951,1.15584841666463,1.22782947175952,1.32745944373804,1.46455746756805,1.65309705551213,1.91349615181354,2.27633574817289,2.78851040264145,3.52361776814538,4.59990778685798,6.21202605312205,8.68852633139043,12.5987078492403,18.9562723705857,29.6180423852179,48.0863720405327,81.1704955024733,142.528271903638,260.446813684516,16.8
"Sam","Walsh","Yartapuulti","ok",1.00029717796886,1.0006067185093,1.00119419471652,1.00226708899191,1.00415355323354,1.00734963998655,1.01257338100764,1.02082334948716,1.03344091043858,1.0521797419033,1.07929339160529,1.11766090358187,1.17098132971046,1.2440810636212,1.34339673098837,1.47772740420965,1.65940399335893,1.90611847217799,2.24382163704607,2.711390772316,3.36829167518959,26.8
"Matthew","Carroll","Yartapuulti","ok",1.13279282895086,1.20238098600467,1.30186041298292,1.44285171725678,1.64231310936123,1.92578921663705,2.33291158309313,2.92691359950102,3.81150719540134,5.16163188377596,7.28107030464148,10.7135851630054,16.4638466559934,26.450531936833,44.4661168977371,78.2791176491654,144.400390774559,279.280837089032,566.59884405216,1206.30030317564,2696.12533122985,14.7
"Will","Hayward","Yartapuulti","ok",1.11102407811983,1.16167090784723,1.23117610603835,1.32564195506326,1.45337165834033,1.62594701846153,1.85990988496846,2.17941655204802,2.62049605870044,3.23800930989031,4.11724994076603,5.39368665447427,7.28728503004221,10.1635025253504,14.6441735068153,21.8138657698775,33.6132907787832,53.6082019182996,88.5310796300473,151.454539208445,268.501751203944,16
"Brodie","Kemp","Yartapuulti","ok",1.42174718860128,1.63888948751187,1.96022814515596,2.44215405616177,3.17997481770696,4.34041284665828,6.22558477636322,9.40348837636696,14.9841051375423,25.2264294491382,44.9273395148641,84.7336991142989,169.387452408776,359.182916942033,808.425656735177,1932.38781842015,4907.76926019973,13249.1229502517,38032.6888246726,116125.504537254,377238.306242222,11.6
"Jack","Ison","Yartapuulti","insufficient_history",1.23495321147029,1.35743022324619,1.53493198058971,1.79255184918263,2.16981935042818,2.73107387440308,3.58439887094219,4.91723561040079,7.06552603625057,10.6524496926399,16.8765043122425,28.1313742667324,49.3899598280731,91.4153936981762,178.512215300321,368.019226672211,801.442064594935,1844.52126006141,4488.35544631362,11551.5657522259,31454.4512653687,13.1
"Talor","Byrne","Yartapuulti","ok",3.42476683801513,4.78782197812492,7.06222239094825,11.0154730198357,18.2023852398666,31.9146260155847,59.449811183974,117.782965811772,248.417883071118,558.196297349311,1337.1473151463,3416.66370498584,9316.73031145371,27123.255030537,84331.8410809758,280121.899737396,994318.183782568,3772499.66028596,15302025.6755715,66368869.2695234,307855255.502337,7.4
"Harry","McKay","Yartapuulti","ok",1.1373553733794,1.22971086354809,1.37265047632552,1.5920087799603,1.92994175913877,2.45848160949839,3.30612157927486,4.71197394582097,7.14077258651051,11.5379720672327,19.922044735115,36.8269605211619,72.9949087375326,155.334132000618,355.262096578931,874.023427375762,2314.79563008569,6603.75055051242,20304.3491601068,67314.105096465,240719.847168991,13.7
"Ben","Ainsworth","Yartapuulti","ok",1.04089919815189,1.06744831788427,1.10756117573802,1.16660616836337,1.25186569828003,1.37350277417966,1.54617955631718,1.79176285090202,2.14389379842591,2.65585671503715,3.41446201295721,4.56520372971461,6.35914838827989,9.24291682019207,14.0366722077509,22.2974211212982,37.0851091587643,64.6334803639605,118.123433435794,226.516304666656,456.011427927433,17.1
"Marc","Pittonet","Yartapuulti","ok",1.14879942054085,1.28323124904608,1.51645796905,1.92028602019533,2.63509013729846,3.9555348695555,6.54485996163664,12.0088527928359,24.5508397443392,56.1314627686568,143.941691369356,414.959404235856,1347.27854410048,4933.76725382665,20402.5544880715,95366.4475127432,504264.279161307,3018283.77870512,20461721.2086625,157183825.140281,1368768599.1226,12.6
"Jagga","Smith","Yartapuulti","ok",1.00415145263977,1.00743764907271,1.01286351033468,1.02150743035286,1.03482549098866,1.05472994387314,1.08368957874698,1.124876303994,1.18239532136619,1.26165249758201,1.3699364995728,1.51733379040938,1.71816627847206,1.99326862274098,2.37364799334431,2.90647341953609,3.66507746489436,4.76601758192386,6.39882966174562,8.8791112996069,12.7454809938406,22.5
"Patrick","Cripps","Yartapuulti","ok",1.00169162986415,1.00295595723371,1.00502148559849,1.00829805027695,1.01334970321384,1.02092886391256,1.03201239323904,1.04784163127397,1.06997153392811,1.10033788084643,1.14135588419115,1.19606858429834,1.26837006473098,1.36333854955529,1.48773073926425,1.65071568926963,1.86497103666782,2.1483378393094,2.52635226965661,3.03617724259998,3.73280597256369,26
"Nick","Haynes","Yartapuulti","ok",1.04914568545423,1.08470740596636,1.14034090083086,1.22496613040858,1.35137924347874,1.53869201970971,1.8166711836373,2.23353863244665,2.8703272489786,3.86812572216026,5.48157500062013,8.18774900934446,12.9162062865606,21.5543815955672,38.1038716629592,71.4400462128311,142.193413347002,300.706081915451,676.137566258964,1617.40179308087,4118.25386331038,16
"George","Hewett","Yartapuulti","ok",1.04278539071036,1.07192274042585,1.11661420706749,1.18331091761711,1.28093356403416,1.42222692746721,1.62607976046243,1.92150516445701,2.35457224264641,3.00076387478421,3.98763157214276,5.53759539172614,8.05138456926675,12.2761103342,19.6554967338334,33.0858778487774,58.6088633828923,109.34751755138,215.025159253081,445.932893414919,975.83739926147,16.7
"Flynn","Young","Yartapuulti","ok",1.39257896303144,1.54168230609932,1.74267988573211,2.01510620120708,2.38767995273072,2.90348867429446,3.62849718749639,4.66579011827318,6.17990650642322,8.43930559909198,11.8921051861208,17.3042314322162,26.0173158160023,40.4417634406188,65.0228778833994,108.182275873395,186.321458477311,332.299877149377,613.882181703929,1175.0055843623,2330.74538347906,12.5
"Mitch","McGovern","Yartapuulti","ok",2.5781581397832,3.32683892597608,4.47512756205331,6.28781812702656,9.24397230682457,14.2401431635031,23.0147008146518,39.0651276109774,69.7036958858154,130.839110604766,258.534920180465,538.077843250266,1180.11934842567,2728.62546066074,6653.61086122934,17116.0829241222,46462.8376164674,133127.461610841,402702.05368504,1286285.20783567,4339120.08470638,8.3
"Francis","Evans","Yartapuulti","ok",1.33043998003289,1.50219123308107,1.75426138214401,2.12735344736634,2.68848911872227,3.55181339530698,4.9184242691687,7.15523576858549,10.956703639882,17.6888123370284,30.1490663643146,54.3132605357911,103.518342612208,208.913327654011,446.741899718858,1012.8581749751,2435.92880699253,6217.2189883208,16846.4750451798,48478.2709372204,148195.80683893,12.2
"Liam","Reidy","Yartapuulti","ok",2.79649678681317,3.61470767810074,4.85687413411638,6.7951404844047,9.91352226062408,15.1002934716817,24.0399079276529,40.0374061609411,69.811031252708,127.525970618304,244.197254977549,490.419170056239,1033.39587032892,2285.61081917247,5307.83018643405,12946.0166143169,33171.8615790313,89313.1265360745,252731.06058283,751755.070620824,2350914.24584007,7.9
"Lewis","Young","Yartapuulti","ok",1.89373347363832,2.33358651005892,2.99974455814136,4.03416600549732,5.68991991349303,8.43438491390388,13.1633462297662,21.6618090087315,37.6345333738803,69.1041568887896,134.226688302346,276.008658309852,601.227099018862,1388.12432819998,3398.59971056024,8827.40052615203,24332.2473014136,71200.5658387706,221235.45684502,730129.430936111,2559824.95643465,9.8
"Blake","Acres","Yartapuulti","ok",1.01670674006491,1.02977377646819,1.05089205187275,1.08375783458426,1.13332712177008,1.20630400931268,1.31198155680887,1.4636772143867,1.68116489498558,1.9948172168757,2.452779752175,3.1336967395619,4.16991201103261,5.79102348713994,8.40817798608535,12.7824596556661,20.3724999319684,34.0769541275862,59.8774665894642,110.609739884868,214.952526402066,18.5
"Jayden","Laverde","Brisbane Lions","ok",1.24051195220244,1.33989233442878,1.47479668309685,1.65788910920859,1.90740934708198,2.25022876358654,2.72680027824455,3.39933250204706,4.36556902966303,5.78251872029741,7.90823591819514,11.1770753870493,16.3384681452926,24.7191225879386,38.7309807917698,62.8809717174258,105.832211960494,184.727665889395,334.516428818078,628.654172003394,1226.41185293112,13.8
"Jack","Buckley","Brisbane Lions","ok",1.61770070807803,1.87491169984315,2.23709873602756,2.75400820963605,3.50482422430485,4.61880132577898,6.31247144836986,8.95850279477758,13.2166041553522,20.2893911751953,32.4370857075042,54.0440928098497,93.8979695733278,170.21505626504,322.088583985302,636.44975297203,1313.76610841395,2833.81781041385,6389.16843120371,15060.520546381,37123.7281526446,10.9
"Connor","Idun","Brisbane Lions","ok",1.0264395700147,1.04305581098679,1.06796347746567,1.10430541270233,1.15617149847394,1.22895912822201,1.32995773810125,1.46928732837695,1.66139943113413,1.92749163706354,2.29944583735129,2.82637385177436,3.58573313291163,4.70264068338128,6.38424069214608,8.98238406097953,13.1108905809931,19.87077649795,31.2947832751873,51.2497299724401,87.32201772488,18.7
"Joe","Fonti","Brisbane Lions","ok",1.12876950437206,1.19125571831522,1.27861712077381,1.39971636658459,1.56708194581732,1.7989282744293,2.12244084752304,2.57921140330605,3.23441993053462,4.19270380587127,5.62624662314518,7.82574035436371,11.295240006559,16.9334416536697,26.3897223004317,42.7834451806025,72.2001232915366,126.898257846984,232.398200760306,443.656740508119,883.190181885752,15.2
"Lachie","Whitfield","Brisbane Lions","ok",1.00004426022306,1.00010292436905,1.00022971441798,1.000492198275,1.00101280244193,1.00200236847193,1.00380602634083,1.00696113724087,1.01226500897186,1.02084908195713,1.03425811323823,1.05453893887976,1.08435380205945,1.12714691858053,1.18740906751887,1.2711051515123,1.38635984282129,1.54454831638287,1.76203231752158,2.06294982791708,2.48376977336838,28.3
"James","Leake","Brisbane Lions","ok",1.09406479709196,1.23075422813539,1.51856557762407,2.11883394412212,3.43096845150052,6.57883753329809,15.1629285590428,42.4644126163184,145.638459419754,615.190545684666,3214.01229375406,20832.9881330025,167940.783348557,1686784.42466588,21139130.7180839,330929652.200855,6477468213.52479,158643368765.141,4864678826975.58,186863984486933,8995473914352606,12.4
"Harry","Himmelberg","Brisbane Lions","ok",1.12313336619377,1.18480746751943,1.27173180374656,1.39310202965595,1.56198701153597,1.79751280946847,2.12844887491798,2.59920223282809,3.28005659365733,4.28508302803041,5.80426045259869,8.1625862735894,11.9318013774804,18.1474808717144,28.7431004350322,47.4439889926428,81.665479892015,146.672102043898,274.990827611406,538.435179243707,1101.41967648479,15.2
"Clayton","Oliver","Brisbane Lions","ok",1.0000851055344,1.00018600370961,1.00039144217493,1.00079345064896,1.00154967728977,1.00291775791904,1.00529951946271,1.00929380444354,1.01575549608808,1.02585859727594,1.04116413173567,1.063699731334,1.09606664774641,1.14160070987112,1.20462633821973,1.29085919736121,1.40803868147682,1.56691548208605,1.78279711544548,2.07799098904066,2.48572590427558,28.3
"Harvey","Thomas","Brisbane Lions","ok",1.01702593853466,1.02908765778495,1.04793872176228,1.07644817692047,1.11838006190115,1.17869785859093,1.264068440399,1.38369200882577,1.55065618556302,1.78414478468654,2.11307782872091,2.58221758053847,3.26263883290413,4.27012127677083,5.79828723254353,8.17989588777152,12.0033434979354,18.3404144041368,29.2046865039055,48.5024130585479,84.0672971739429,19.2
"Toby","Greene","Brisbane Lions","ok",1.00744399003681,1.01325892223219,1.02274474002718,1.03765751062535,1.06033262561749,1.09382341886785,1.14211163893566,1.21044871334105,1.30591392762412,1.43831865073382,1.6216622843746,1.87648574640729,2.23372489621157,2.7411384578563,3.47426638673876,4.55555382045306,6.18854915946138,8.72062124735883,12.7610200749659,19.4091991449555,30.7088779503307,20.9
"Phoenix","Gothard","Brisbane Lions","ok",1.41044384247015,1.63558832388523,1.97558784962365,2.49674235305832,3.31441006625784,4.63711666811013,6.85688958998542,10.7416899806572,17.8625286726416,31.5830093812396,59.4567090139504,119.31185642356,255.458202841295,584.065724626145,1426.94446859144,3727.42670078117,10415.5966983525,31147.1224578482,99717.3420469916,341886.062720646,1255657.18123682,11.6
"Brent","Daniels","Brisbane Lions","ok",1.09923246521799,1.14467485249667,1.20702686412818,1.29166034669584,1.40580042218001,1.55940401298815,1.76651958500655,2.04741173987216,2.43192925886658,2.9649379875281,3.71525217850974,4.79061173316408,6.3633192665289,8.71506317956691,12.3170148210435,17.976218625669,27.1094269798404,42.2677278568285,68.1666897642873,113.760906334673,196.531539690297,16.4
"Toby","Bedford","Brisbane Lions","ok",1.31537990946079,1.47017298403951,1.69283776459428,2.01514591576728,2.48774030244547,3.19384547643541,4.274440248815,5.97587596596413,8.74280228481747,13.4054654045162,21.5701060338773,36.4615480755695,64.808656523217,121.224194781766,238.779738712727,495.574880617793,1084.28016257879,2501.96657182001,6091.04519458438,15649.9910378056,42449.461796683,12.5
"Aaron","Cadman","Brisbane Lions","ok",1.83960692834474,2.28743707140271,2.98390385302528,4.09801386609275,5.94321708095759,9.12486697322775,14.862937598374,25.7288025783229,47.4032072982213,93.0680213784212,194.913916308657,435.821820066214,1041.15361388882,2659.06209468724,7264.0463674832,21235.4341989075,66457.6328370947,222728.534529672,799615.431856112,3075897.02113406,12680756.0040271,9.9
"Jake","Riccardi","Brisbane Lions","ok",1.76767966899657,2.1547795744311,2.74153979626763,3.65242180033949,5.10932717083974,7.52250637278264,11.6798515372043,19.1562641643992,33.2345819427961,61.0641109529687,118.940145418216,245.799590678409,539.327641314162,1257.20460018443,3115.05721166484,8207.79198913864,23006.6823813704,68626.8342900954,217907.706230555,736716.592338944,2652618.23242423,10.1
"Kieren","Briggs","Brisbane Lions","ok",1.30979729353841,1.52904280460766,1.88749429476713,2.48380972909793,3.50848401490078,5.35032576485542,8.84974618818378,15.9371111033456,31.3424671810207,67.4776131146008,159.346380235591,413.401141128088,1179.80803772566,3707.86107149204,12843.6957024879,49071.4685069704,206922.283994992,963495.709457188,4956190.52846465,28175108.3871599,177069387.365719,11.7
"Lachie","Ash","Brisbane Lions","ok",1.00001165205541,1.00002755160832,1.00006276203938,1.00013776026005,1.00029141631773,1.00059425764408,1.00116854735916,1.0022167325788,1.00405903815249,1.00717970145613,1.01228001318,1.02033583503302,1.03265869790004,1.05096373304464,1.07745458455131,1.11494441568355,1.16704255813405,1.23844896507217,1.33541649231431,1.46647030811092,1.64352459791358,30.9
"Finn","Callaghan","Brisbane Lions","ok",1.00067542566779,1.00127157503224,1.00231866800714,1.0040971425992,1.00702021577879,1.01167377509365,1.0188593800607,1.02963969458062,1.04538820311047,1.06784925807129,1.09921999099112,1.14227197967505,1.20053795183958,1.27859852472717,1.38251886331371,1.5205098940506,1.70393070076076,1.94881985943778,2.2782640416342,2.72611821912031,3.34294851968337,26.7
"Harrison","Oliver","Brisbane Lions","insufficient_history",1.00235569969204,1.0060854563697,1.01440506506644,1.0314143598889,1.06359471946767,1.12068164305087,1.21719222241412,1.37552733307567,1.6323320748164,2.05144612157332,2.750770151444,3.96026952692061,6.15360642215828,10.3635188877847,18.9819857008009,37.9165142889235,82.7811351127153,197.892975271621,518.751788389484,1492.92514778906,4721.64369877153,18.4
"Stephen","Coniglio","Brisbane Lions","ok",1.11752539427525,1.16819822388237,1.23678722673873,1.32883456896,1.45180095262165,1.61596211407155,1.83578311441101,2.13204799563067,2.53520896617767,3.0907435746112,3.86788097979057,4.97408782005204,6.57958951896553,8.95972280081682,12.5696175783961,18.1787289696307,27.1185731622107,41.7493688959783,66.3597082280949,108.943027693822,184.792351899894,16.1
"Toby","McMullin","Brisbane Lions","ok",1.99265239522409,2.45615641708127,3.1486717789384,4.20832671085349,5.87648799835342,8.58885403082207,13.1591444941327,21.1622087178559,35.7615069061624,63.5624650914923,118.92247498437,234.370504315644,486.824984863757,1066.33373554095,2464.07222826745,6009.22073819463,15471.4319709189,42064.4955545956,120804.62298756,366548.065931304,1175285.66966806,9.5
"Jake","Stringer","Brisbane Lions","ok",1.37653737949736,1.51765314509452,1.70695970820557,1.96211483483077,2.30884761178023,2.78539717311244,3.4497196291563,4.39141507082011,5.75186006424041,7.75889032903937,10.7878170000277,15.4711192665503,22.9000938153966,35.0041654126055,55.281453009837,90.2404648682481,152.316934347552,265.927811566333,480.36919725821,898.038758251031,1737.89583707474,12.6
"Max","Gruzewski","Brisbane Lions","ok",3.33086151803608,4.46318418259172,6.23974010705073,9.1167139591285,13.9402936943613,22.3351284639002,37.5346195317829,66.2188289535225,122.732850283602,239.137511932074,490.095843620791,1056.98039968145,2399.84986284207,5738.35986902246,14454.8530685236,38369.0138156141,107347.816079027,316623.936705833,984722.939926452,3229809.55238952,11173706.3950069,7.3
"Callum","Brown","Brisbane Lions","ok",2.05072822271386,2.51416461707708,3.19487626564372,4.21694790819264,5.79180584630716,8.29047729870078,12.3844455703154,19.3287209265756,31.5489858936283,53.8999720152857,96.4552398487735,180.911745458177,355.831062340174,734.274315572311,1590.32165438342,3616.39694459347,8637.04051570401,21670.4813400811,57133.3892199243,158314.395806826,461148.405097528,9.4
"Conor","Stone","Brisbane Lions","ok",1.17445922522775,1.28583362940841,1.45645080804736,1.71706683264415,2.11860622761778,2.74913785639674,3.76741577288486,5.47177286862321,8.44761799585277,13.8972262603232,24.4113481554008,45.8622100240315,92.2831976294698,199.112101388708,461.105135030121,1147.04865541824,3067.18803579438,8821.19745068221,27299.7080084553,90952.746622059,326331.922115523,13.2
"Oliver","Hannaford","Brisbane Lions","ok",1.64699673934199,1.93259660389253,2.34293308036507,2.94193163882715,3.8345179945822,5.19781844867655,7.33966953528868,10.8115781623991,16.6334796683113,26.7551389881774,45.0345201306263,79.3830008730496,146.63452809978,283.99829879974,577.001494890693,1230.27681494695,2753.92907767181,6473.898219715,15986.8996118167,41481.5828585175,113118.586157188,10.7
"Keidean","Coleman","GWS GIANTS","ok",1.05420648459967,1.08155724151233,1.11995175894818,1.17293361028965,1.24510685721655,1.34258185687042,1.47366370082358,1.6499133908201,1.88779331502541,2.21124970907578,2.65583074974671,3.27537329130052,4.15307159388874,5.42017009079801,7.28819014093024,10.1056846897989,14.4604064789759,21.3674370623293,32.6237725606957,51.4928815851407,84.0593180844296,17.9
"Harris","Andrews","GWS GIANTS","ok",1.26692060459381,1.41640324183987,1.6391535397948,1.9728761096276,2.4800808883231,3.26831720365038,4.52953473577381,6.61946249408875,10.2238516105551,16.7206145494915,29.0017500672172,53.4203103213233,104.612051596756,217.999879321828,483.807804998573,1144.25361597479,2885.7066332836,7763.80285723967,22293.1567583063,68344.0862857235,223768.735696602,12.6
"Darcy","Gardiner","GWS GIANTS","ok",1.32052684019512,1.47957322903753,1.70928321703895,2.0433146350242,2.53569170441026,3.27587084915407,4.41664531110621,6.22743715633856,9.19937420395224,14.2594555305856,23.2223558325749,39.7782668520598,71.7343861521439,136.300139089526,273.053406655347,577.077439850017,1287.2807052628,3032.16549232663,7544.59406478614,19836.4515620256,55126.5972267429,12.4
"Darcy","Wilmot","GWS GIANTS","ok",1.00732653287186,1.01200359936164,1.01913523197383,1.02971682075176,1.04502574099695,1.06667432464641,1.0966815866544,1.13757861265101,1.19256849387112,1.26576945259259,1.36258146666364,1.49023579338147,1.65861874328576,1.88151447922316,2.17850090839129,2.57788291333191,3.12130277252967,3.8711092627778,4.9223427080935,6.42257951713291,8.60540094433625,22.9
"Ty","Gallop","GWS GIANTS","ok",2.12377237764158,2.70448080007666,3.61059244523447,5.06823128917941,7.49874596529296,11.7186071323812,19.3764359847668,33.9480839085815,63.1002264946067,124.556694989324,261.336507399779,583.241724305069,1385.42669014365,3504.58382600273,9445.08694161441,27130.8492055228,83091.6059782316,271404.114080154,945701.609771227,3516166.22039202,13952423.0455536,9.2
"Bruce","Reville","GWS GIANTS","ok",1.05084582798358,1.07673835445437,1.11317657713037,1.16355513648955,1.2322704636167,1.32513429558525,1.45001247246308,1.61780874318463,1.84398716521748,2.15095450951371,2.57184636097305,3.15665185432221,3.98231221222315,5.16970510463002,6.91280120758062,9.52978433877478,13.5546524723577,19.9050808212009,30.1972365513747,47.3504189751932,76.7771326982981,18
"Hugh","McCluggage","GWS GIANTS","ok",1.0108065849642,1.0185693547857,1.0308180184215,1.04951036374548,1.07720398350902,1.11721225499117,1.17385011084551,1.25283200973379,1.36191305415272,1.51191244028098,1.71834506199018,2.00404372822792,2.40343772627108,2.96967037717782,3.78669744268013,4.99032559008663,6.80567145234461,9.61550531662788,14.0881282437003,21.4229608922798,33.8350731928465,20.5
"Will","Ashcroft","GWS GIANTS","ok",1.00049885499905,1.00099193646978,1.00190213217227,1.00351946951715,1.00628788652761,1.01085764357477,1.01814282782853,1.02938245565743,1.04620723285074,1.07072048214203,1.10561052030568,1.15432212584005,1.2213269938428,1.31254977587528,1.43603303972646,1.60297071628621,1.82932066524276,2.13834892489799,2.56470772945275,3.16109335878763,4.00933352127177,26.1
"Zac","Bailey","GWS GIANTS","ok",1.00921884664652,1.01678101899563,1.02929858346617,1.04920366904994,1.07975676806499,1.12528269244906,1.19155688726399,1.28645783108204,1.42106126412087,1.61145957885063,1.88179379071617,2.26937440064314,2.83351190310628,3.67112514694727,4.94507552380077,6.93705616931188,10.1492107225201,15.5053158346026,24.7616416753393,41.3734610070682,72.3843885332764,19.8
"Charlie","Cameron","GWS GIANTS","ok",1.50998400429314,1.70256245409717,1.96422132228421,2.32281529967463,2.82020302156329,3.52060225998439,4.52462155059432,5.99332265107133,8.1903842597989,11.5576457187207,16.8535989358374,25.4133633373432,39.6487605147539,64.034698804588,107.105680856729,185.605395368572,333.34880495032,620.681965896401,1198.44410301008,2400.20436567711,4987.14930265969,11.6
"Logan","Morris","GWS GIANTS","ok",1.78802655459439,2.18287948031309,2.78085441155157,3.70842123295917,5.19082150315424,7.64391474571137,11.8650379998771,19.4447976221192,33.6909675341059,61.7873884937306,120.056224472758,247.357578288177,540.785236469326,1255.28463880188,3095.27315487889,8111.2127003474,22597.8661175785,66955.6105205899,211042.139115307,707820.786533742,2526652.18485527,10.1
"Levi","Ashcroft","GWS GIANTS","ok",1.00434284802671,1.00868764441619,1.01652486840916,1.02996790237424,1.05199579534485,1.08668089328424,1.13953266990106,1.21808354804719,1.33291355383922,1.4994254325796,1.74090047015959,2.09379965955514,2.61714115290992,3.40953151823242,4.64103015302813,6.61466987239536,9.88918829319757,15.5323475634081,25.662615349768,44.6508077759848,81.8893106081134,20.3
"Sam","Draper","GWS GIANTS","ok",2.01122582818158,2.54025463736889,3.36517489556471,4.69048659777331,6.89706629845988,10.7230626287035,17.660155105871,30.8582466885456,57.2819414779905,113.086487971618,237.657313747163,532.080937071551,1269.9230267739,3232.91980100912,8782.93679080848,25473.7024455271,78905.566038513,261108.940769842,923320.358176788,3489820.41674733,14101482.6231719,9.5
"Cam","Rayner","GWS GIANTS","ok",1.08644088831073,1.14936614390674,1.24844278515756,1.40144797515643,1.63620874135577,1.998476965689,2.56697528788981,3.48307355171828,5.01163270058705,7.67108332963277,12.5240203723302,21.856939628048,40.8485584665745,81.875393770293,176.220420360249,407.692045023002,1014.7414482956,2719.19440485154,7849.69535420034,24424.1365223101,81946.9714609372,14.5
"Kai","Lohmann","GWS GIANTS","ok",1.39374296541659,1.57490997678947,1.83276299435547,2.20307049303874,2.74270713041893,3.54469034365246,4.76553177951639,6.676416355365,9.76181907591153,14.915401389647,23.8416259995093,39.9065077571473,70.0018612113731,128.775899291901,248.586606940837,503.804959306697,1072.46262501073,2398.86040044931,5639.97818742409,13942.0871352762,36246.7253242599,12
"Darcy","Fort","GWS GIANTS","ok",1.0405964638721,1.08725078014979,1.17387208863348,1.32706732419266,1.59211342297706,2.05247186281734,2.87411990799971,4.41117835871293,7.47413481146766,14.0605217106857,29.499814430626,69.2686276637457,182.536394842566,541.007869927115,1806.55964827129,6806.14218072104,28962.7999884943,139338.915350834,758451.901636551,4673940.88304219,32626414.790562,14.4
"Josh","Dunkley","GWS GIANTS","ok",1.012934117043,1.02161812064206,1.03499352008315,1.05497774279585,1.08404597843308,1.12537840686102,1.18309148253758,1.26260707447491,1.37123734281815,1.51910399822392,1.72058271199843,1.99659140890794,2.37826831869851,2.91299246347239,3.67443949465757,4.77973928267171,6.41940421786019,8.91073700370831,12.7954066804375,19.022102973457,29.2971304626533,20.5
"Lachie","Neale","GWS GIANTS","ok",1.00015471358999,1.00030210192738,1.00057272928165,1.00105442775255,1.00188575479431,1.00327734837931,1.00553792909517,1.00910418553248,1.01457340549138,1.02273794807258,1.03462183397477,1.05152201304529,1.07506012788589,1.10725453911223,1.15062683616175,1.20836232286711,1.28455109030179,1.38454725397678,1.51550186055223,1.6871546292089,1.91301865055076,29.8
"Jaspa","Fletcher","GWS GIANTS","ok",1.04856386307691,1.08377965168346,1.13891016023094,1.22281128884818,1.34817748215309,1.53395179857964,1.80961279693773,2.22287761913471,2.85387069496397,3.84199496319885,5.43865588357461,8.11448741541962,12.7857257452673,21.3111055712803,37.6277204727899,70.4594356394616,140.064254654844,295.824054478316,664.299399494686,1587.00824732665,4035.54798847955,16
"Luke","Beecken","GWS GIANTS","insufficient_history",1.06708706710326,1.10928639280287,1.17247357990768,1.26516304907346,1.39945954191546,1.5932120435578,1.87370535024466,2.28407155207301,2.89467953016617,3.82393091080288,5.27738147842365,7.62367382093838,11.5467859818157,18.361777216967,30.6929770582307,53.9846557802514,99.9953527531675,195.201882195316,401.840543486413,872.813972285438,2001.1901780623,15.9
"Sam","Marshall","GWS GIANTS","ok",1.32652522313309,1.45278833593701,1.62276461547491,1.85234161775776,2.16460608723306,2.59380567348509,3.19178122812655,4.03861422455168,5.26060984089344,7.06130731498587,9.77611232224211,13.9706945427836,20.6222926197383,31.4617173589726,49.6342711381507,81.0091175549577,136.840383919245,239.318883557634,433.468967235606,813.350579944233,1581.40475307829,13
"Zane","Zakostelsky","GWS GIANTS","ok",1.68662199404626,2.00453892270502,2.4697593323959,3.16323244819254,4.22165140415682,5.88305727268569,8.57548476737113,13.0948762479376,20.9742243970344,35.2763665261083,62.3586450290173,115.948950877478,226.927546483789,467.745068059681,1015.89614170508,2325.91941609068,5615.74945952303,14303.0957045043,38440.1842748166,109039.218285321,326525.969698256,10.5
"Conor","McKenna","GWS GIANTS","ok",1.65550181651456,1.98062918411984,2.4665228522184,3.20769940763774,4.36871425112552,6.2461288881416,9.39402943676104,14.8875944330748,24.8976793821459,43.993227405934,82.2154431694368,162.644985352117,340.854844003397,757.206004826805,1784.05868484977,4460.22204487384,11836.6896125852,33356.5799405052,99848.5586664465,317560.282014645,1073336.05999801,10.5
"Will","McLachlan","GWS GIANTS","ok",2.43477982968852,3.07646957732967,4.03614251595395,5.50812290976671,7.83168949640002,11.6175735081697,18.0007974270359,29.1621422466078,49.4391609786298,87.7741138135812,163.297844604863,318.529903259527,651.749758759374,1399.42801797931,3154.38310477495,7466.3471905421,18563.1155023861,48489.4624989167,133103.779740332,384027.338049451,1164758.27568248,8.5
"James","Tunstill","GWS GIANTS","ok",1.39360463096957,1.59375876833872,1.88776688487824,2.32465142153644,2.98607030576701,4.01265547861469,5.6549663341658,8.37546638300574,13.0599569511902,21.4723723106299,37.2711918472784,68.373094515259,132.680843562615,272.568215156057,593.157229929117,1368.15300956727,3346.40201005852,8683.20244337875,23910.8980100286,69897.487434166,216967.882985031,11.8
"Shadeau","Brain","GWS GIANTS","ok",1.32735623490762,1.48570585818656,1.71281049967788,2.04070819280925,2.52036951270284,3.23534885740022,4.32675799703636,6.04031634601981,8.81775049278123,13.480080804594,21.6075046645766,36.3541856824497,64.259010035356,119.420315517805,233.492845522207,480.580663708403,1041.76211453853,2379.38098794402,5728.11943426076,14539.5804208347,38922.8986418722,12.4
"Luke","Cleary","Narrm","ok",1.21701324087095,1.30791477817022,1.43142019078247,1.59897457146419,1.82694984255682,2.13931129544341,2.57191411021425,3.17955772781465,4.04780573909777,5.31321455532616,7.19871903232244,10.076945513614,14.5861644990895,21.8478185009152,33.8848577286714,54.4470901921652,90.6829501620601,156.618474670323,280.600629422463,521.681097878874,1006.74186105579,14.1
"Buku","Khamis","Narrm","ok",1.41488296913652,1.59189817430787,1.83879470211533,2.18599616611118,2.68059451326924,3.39732182890729,4.45778854200027,6.0650683836807,8.56750009094532,12.5795764739348,19.2174258114393,30.5708280306358,50.677766175322,87.5989146253007,157.974601514051,297.363957343633,584.494843873334,1200.10862792403,2574.8082530436,5773.964749796,13536.7541160145,12
"Michael","Sellwood","Narrm","ok",1.16624778955417,1.24299895657617,1.34935907000497,1.49602169938173,1.69832489376749,1.97885943195407,2.37173475720142,2.92969272599439,3.7362315318232,4.92675069631786,6.72632347507751,9.51886322018158,13.9770596873104,21.3130237048192,33.7751799335916,55.6615380858677,95.4469664745134,170.384921036846,316.772751537588,613.584510516471,1238.66317583594,14.6
"Connor","Budarick","Narrm","ok",1.0218069657256,1.03610600298175,1.05785593585747,1.08998926418517,1.13632298242022,1.20187513842522,1.29338146442947,1.42013092423152,1.59530774762258,1.8381528395539,2.17748614666435,2.65755044859376,3.34791452179503,4.36064526809475,5.88080728831116,8.22199544235484,11.9300758839216,17.9822000928896,28.179214150092,45.94165549536,77.9723567179651,19
"James","O'Donnell","Narrm","ok",1.88622532194536,2.23598685934068,2.72811937125129,3.43183627114883,4.45780053884105,5.98721819562387,8.32424699740272,11.9927592663906,17.919602496037,27.7909292697503,44.7641100237782,74.9304373092342,130.408246211005,236.080308408319,444.721557950898,872.03877606111,1780.45356893729,3786.04511718506,8386.89645798128,19358.2472965042,46564.9593626272,9.9
"Bailey","Dale","Narrm","ok",1,1,1.00000000000009,1.00000000000296,1.00000000007618,1.00000000156879,1.0000000258349,1.00000034050925,1.00000359588153,1.00003046758378,1.00020750855049,1.00113929347537,1.00506855017696,1.01846008573102,1.05609905817916,1.14660415678519,1.3428817475065,1.75117559250149,2.6164923713184,4.5842580112685,9.58506429289158,26.9
"Joel","Freijah","Narrm","ok",1.01713764295962,1.02912983806565,1.04779559418248,1.07592551526746,1.11717169468582,1.17633687262056,1.25985092261938,1.37655229440169,1.53895759972041,1.76532286801801,2.08302246601147,2.53418350698666,3.18528441143371,4.14389677496859,5.58861985327575,7.82399769534169,11.3839852756425,17.2323246718619,27.1618163508452,44.6136968470823,76.4110813401854,19.3
"Marcus","Bontempelli","Narrm","ok",1.00013336678084,1.00028527464449,1.00058766184096,1.00116623201453,1.00223062854394,1.00411445134748,1.00732460796527,1.01259799211123,1.02096296143509,1.03380474576073,1.05293863516921,1.08070257381001,1.12009083652132,1.17496217775822,1.25037019709807,1.35308445383225,1.49240551131185,1.681437865087,1.93909181834227,2.29327405106821,2.78606146734184,27.7
"Lachie","Jaques","Narrm","ok",1.06860573428555,1.10694532801247,1.16235853457806,1.24104647588053,1.35150762488416,1.50574354671929,1.72122379864885,2.02411353425187,2.4546622797519,3.07639381320702,3.99215482074286,5.37285356223958,7.51028160554107,10.9168545632044,16.5192803656013,26.0456363863581,42.8224852649101,73.467878532434,131.603499714841,246.265255179075,481.611730447002,16.4
"Ryley","Sanders","Narrm","ok",1.00030380461475,1.00065454017919,1.00135144822339,1.00267566214762,1.00508360236233,1.00927862121417,1.01629243041085,1.02757284605442,1.04507902615042,1.0713956939666,1.10989311714674,1.16497832110257,1.24250553971573,1.35044550696214,1.49996613625778,1.70717303536379,1.99593400144981,2.40253356867945,2.98349866122778,3.82905505163668,5.08682349154861,25.5
"Jordan","Croft","Narrm","ok",2.25354420174576,2.93011910192005,4.00997537679887,5.79367120727026,8.85991302027179,14.3712343339141,24.769604698755,45.4304859170423,88.7801230225963,185.043408355877,411.717028044325,978.611623221614,2486.44501936694,6756.70593642638,19646.1079581418,61146.7826903818,203785.63838205,727452.246499222,2782135.17634499,11402312.5431746,50088164.3570991,9
"Arthur","Jones","Narrm","ok",1.31214203443271,1.43336983035411,1.59652346680343,1.81670835604267,2.11580806609515,2.52618977505922,3.09670385852806,3.90258606263168,5.0621312079981,6.76535547570167,9.32432829240972,13.2635200467114,19.4856964062587,29.5837280755128,46.4409269501083,75.4158431802372,126.740706074388,220.504894051019,397.289625897915,741.490197373381,1433.90789583686,13.1
"Will","Lewis","Narrm","ok",1.94907003614789,2.39024525814885,3.04696165213362,4.04738233722372,5.61421951264137,8.14712068554336,12.3877640626585,19.7619123556544,33.1130631028463,58.3335416582923,108.128196111366,211.039068090233,433.958970603311,940.630160959893,2150.1350146591,5185.08411923497,13195.7536033782,35450.935900616,100565.170241295,301294.962727981,953558.176618424,9.6
"Aaron","Naughton","Narrm","ok",1.7153481017621,2.09722973092637,2.68603344873355,3.61728216997766,5.1386692523734,7.7212646634221,12.2991836830406,20.8080689533785,37.4486436617691,71.7889308719541,146.747685733617,320.166890475557,746.121121384705,1858.46729903384,4950.5756122463,14109.7432614048,43045.0799587953,140612.203977985,491984.453439981,1844273.36382789,7408784.99006717,10.3
"Rhylee","West","Narrm","ok",1.25917840359409,1.40039805776043,1.60870593192015,1.91726149596733,2.38009611637019,3.08842078482762,4.20165454170094,6.00849841833157,9.05149874292814,14.390682135116,24.1834663994332,43.0125201253313,81.055792592033,161.989069954749,343.588191902992,773.979116194507,1852.6965834394,4714.91615376198,12762.0270420099,36753.4694954659,112653.965978441,12.7
"Rory","Lobb","Narrm","ok",1.24501515030553,1.42339274940914,1.71436305197087,2.19393893869904,3.00546907679796,4.43474190547818,7.08450776454914,12.3035718413262,23.3064986441044,48.2844450592897,109.636601992143,273.323331976546,749.176506504572,2260.3717840354,7514.10967317255,27543.582011596,111402.655534777,497444.365311555,2453421.29925818,13370668.1978973,80544789.6020941,12.2
"Matthew","Kennedy","Narrm","ok",1.01198635988355,1.01987868779078,1.03196876527706,1.04995128427649,1.07600489089778,1.11291094706162,1.16423630730661,1.23462160400689,1.33023404352146,1.45947227309492,1.6340604382397,1.8707552931282,2.19404184836005,2.64045950378048,3.26567504278877,4.15627848555027,5.44986602155569,7.36996901919187,10.2881546193695,14.8369682488498,22.120206380019,20.9
"Ed","Richards","Narrm","ok",1.00302576560103,1.0052708009105,1.00890638420518,1.01461228839759,1.02330455602111,1.03618245739651,1.05478190794787,1.08104378962665,1.11741154194385,1.16697914450048,1.23371882739426,1.32282948908367,1.44126551432838,1.59853725216776,1.80792796272115,2.08836270436018,2.46731874249216,2.98543185973441,3.70391482808881,4.71672379760057,6.17088864042524,24.2
"Oskar","Baker","Narrm","ok",1.06900869917768,1.13002296156357,1.23269225872884,1.40072864322948,1.67322464825773,2.1187922665213,2.86501285692499,4.16238459296465,6.53038404035476,11.1098246750712,20.5633201185517,41.520354885865,91.6536175104122,221.574101995301,587.472875292161,1710.26216494164,5472.19207573042,19258.8618376128,74603.7397732298,318269.858898055,1496037.2080481,14.3
"Lachlan","Bramble","Narrm","ok",1.29196040211326,1.40257679913589,1.55022178450078,1.7476256883077,2.01294565701115,2.37259750596081,2.86575651299254,3.55163930297497,4.52150753592541,5.91884116769552,7.97392285656899,11.0643562960107,15.8232262152273,23.3366574533713,35.5128408116294,55.7874118475052,90.504040889696,151.682952612166,262.712424394545,470.350642783852,870.700385493765,13.5
"Nick","Coffield","Narrm","ok",1.27862302320852,1.41780801973837,1.61813769605739,1.90768221745001,2.33083174215585,2.95999521165154,3.91693666016117,5.41285793353794,7.82606666494624,11.8573920287643,18.8517400270988,31.4868784067328,55.3029173478051,102.22759374573,199.020808188714,408.322617512839,883.304143576723,2015.65001877113,4853.86809982942,12338.9058964192,33121.5241161665,12.8
"Sam","Davidson","Narrm","ok",1.35336011768294,1.48659871553467,1.66524968395071,1.90575195858509,2.23196407342077,2.67920876191761,3.30081605973555,4.17891058504737,5.44254880287278,7.29883825089208,10.087456795109,14.378244584195,21.1498152754372,32.1240011676406,50.4069910432379,81.7484652541149,137.076517059838,237.732407060599,426.565553034906,792.082882132727,1522.45843358622,12.8
"Louis","Emmett","Narrm","ok",2.66486231459034,3.44580886374371,4.64103359331183,6.52328671288883,9.58405569824171,14.7388289499524,23.7529943228267,40.1560433616267,71.274174422416,132.916832710266,260.595446032067,537.436580664286,1166.44347628175,2665.33484896241,6414.22498982559,16262.0142253102,43446.9395361348,122349.359153463,363239.284855573,1137137.97086399,3754347.65269132,8.1
"Cooper","Hynes","Narrm","ok",1.75059215817508,2.0807479374692,2.55784581532509,3.25970926008433,4.31551221405787,5.94584523860076,8.53872255962374,12.7980866690319,20.0429705478451,32.8295677373291,56.2879017147683,101.093077661819,190.305199534851,375.692615584928,778.155616025532,1691.70621584351,3861.52515444191,9257.63662773883,23316.5651172827,61709.8225477639,171656.248409689,10.3
"Lachlan","McNeil","Narrm","ok",1.74560209522203,2.16292582357934,2.81962808187628,3.88318439963101,5.66948432117651,8.80080091357694,14.560371985878,25.7253906102975,48.6192852176716,98.4254347049287,213.674777168775,497.920217652831,1246.44712164433,3354.19522423086,9708.48688399015,30239.5489899958,101400.767389006,366189.507922459,1424639.25548167,5972502.76553242,26987555.6761117,10.2
"Adam","Treloar","Narrm","ok",1.00615240756257,1.01151719673963,1.0206476529305,1.03553752343386,1.05890194646959,1.09435977590996,1.14671416977093,1.22242085495033,1.33037860131185,1.48324993347106,1.69965615851895,2.00784989553134,2.45196239890932,3.10287332921482,4.07761346377263,5.57495289348112,7.94254815501884,11.8074015941578,18.3371476784771,29.7801045152671,50.6185095268348,20.5
"Jake","Bowey","Western Bulldogs","ok",1.0042824215993,1.00748464867404,1.01266381518599,1.02076884409871,1.03306674175391,1.05120568389449,1.07729401191657,1.11401249529015,1.1647864121947,1.23405508046612,1.32769206879081,1.4536546485241,1.62298465135922,1.85135854122887,2.16151553082036,2.58712064133536,3.17902153100566,4.01557821844069,5.22006016173465,6.99055475647568,9.65248642225009,23
"Daniel","Turner","Western Bulldogs","ok",1.08591676019385,1.14328782801729,1.23104215649056,1.36285523103453,1.55933489311183,1.85290409603514,2.29667327263756,2.98097272318644,4.06516488601671,5.84106432216204,8.86416847996582,14.2359626259203,24.236321756916,43.8012671081472,84.1311781123306,171.912024283402,374.020978489407,867.026032666677,2142.76775378111,5648.68475510833,15890.5856929638,14.9
"Jake","Lever","Western Bulldogs","ok",1.03369294377391,1.05765680761592,1.09496014979334,1.15126980620211,1.23433914104664,1.35508458839491,1.52943693693306,1.78151170122574,2.14909125550423,2.69330000540314,3.51613743013012,4.79319825808723,6.83665568460611,10.2204677565144,16.0377506584369,26.4485548009046,45.8885791369099,83.83802318254,161.414722392556,327.713753183588,702.002989797097,17.1
"Blake","Howes","Western Bulldogs","ok",1.07253924309096,1.10472673463859,1.14845060219996,1.20709264909992,1.2850188753001,1.38798073135715,1.52371621642645,1.70285179415856,1.94026597326134,2.2571755482496,2.68437431223479,3.26734228706056,4.07444332091381,5.21031015864342,6.83809697218508,9.21716587873633,12.7681408461926,18.1874278905453,26.6529254081178,40.201282498621,62.4346563424229,17.7
"Harrison","Petty","Western Bulldogs","ok",1.47502181096799,1.72331649871133,2.09487036707546,2.66004737689216,3.54041102876679,4.95367800021156,7.30455933419263,11.375310815065,18.7412860042376,32.7146562899838,60.579946496028,119.126955786454,248.980991100933,553.502120175884,1309.6131983149,3299.6752800489,8857.36064143597,25340.5077380016,77295.4445989407,251449.268272468,872606.82734703,11.3
"Changkuoth","Jiath","Western Bulldogs","ok",1.17939827050479,1.25374480384914,1.35404882028509,1.4888515002719,1.67006463571218,1.91467818901511,2.24744229331507,2.70514841342927,3.34358856276865,4.2490881591535,5.55800480237576,7.49038285259195,10.4092899291777,14.9277538370171,22.105894617483,33.8228954934766,53.4959208242951,87.5042768569477,148.082964150114,259.356197865708,470.256796584854,14.8
"Ed","Langdon","Western Bulldogs","ok",1.00752142253443,1.0132255989464,1.02243380584512,1.03678136839792,1.05843089514006,1.09019445905008,1.13571651286151,1.19976681160866,1.28871472627032,1.41129045199673,1.57979819863397,1.81205404532735,2.13451556521113,2.58742269677771,3.23341584633668,4.17230568463177,5.56697728228874,7.68992142116094,11.0089083236327,16.3488091829405,25.2054178301983,21.1
"Harvey","Langford","Western Bulldogs","ok",1.06887655608363,1.10301000044006,1.15071782043768,1.2163953915773,1.30585775924052,1.42698609368367,1.59073240620506,1.81268651478967,2.11554618950256,2.53307202556668,3.1165363267647,3.94544859379693,5.14576557812484,6.92147512518526,9.61059360630562,13.786725919906,20.4476221511534,31.3738049120354,49.8278375157902,81.953119407523,139.646505714996,17.2
"Koltyn","Tholstrup","Western Bulldogs","ok",1.03326707305671,1.05537994826964,1.08906416053815,1.13894763178311,1.21123495813832,1.3144462326541,1.46065288241092,1.66753130222108,1.96179307974022,2.38500424889362,3.00367680289447,3.92721731782264,5.34072353294639,7.56662071103646,11.183924017997,17.2660824279991,27.8704015415793,47.0783634275219,83.2823921495562,154.389624241627,300.093761326683,17.6
"Kysaiah","Pickett","Western Bulldogs","ok",1.02654842892785,1.04196319706736,1.0645274847144,1.09677068904318,1.14192703235413,1.20417688894166,1.28902717306671,1.40390554176094,1.55908312358653,1.76911041983315,2.05507332919542,2.44819059082916,2.99565350000284,3.7702918108547,4.88690249402408,6.53042231499825,9.00560414439828,12.8265985336059,18.8822807718762,28.7487437430625,45.2946694062867,19.3
"Matthew","Jefferson","Western Bulldogs","ok",1.85046040276727,2.27660939159484,2.92457130796699,3.93489110497278,5.55954349079102,8.2669831122831,12.9619592971441,21.4632130952629,37.583314422102,69.6716975447305,136.863530698231,285.125101320374,630.3676031906,1479.8382997443,3690.72725269967,9783.00798754124,27571.2247815131,82642.282146053,263531.657620684,894240.151259471,3229685.72638321,9.9
"Paddy","Cross","Western Bulldogs","ok",2.41787157047858,3.10565068365626,4.16467907466232,5.84375490048386,8.59631947269994,13.278421636623,21.5669821823557,36.8761663259769,66.4420954356179,126.254103710893,253.199059769617,536.23853756806,1199.9434307459,2838.35310391738,7099.77685189612,18786.3810238128,52600.571685891,155883.285502458,489068.469994202,1624757.29002283,5716546.97358214,8.6
"Kade","Chandler","Western Bulldogs","ok",1.02856719170554,1.05184567780161,1.08982221161514,1.14948195296327,1.24063345930846,1.37751040823418,1.58166244412315,1.88715365007926,2.35003742490237,3.06608273073764,4.20503988900227,6.0792890585936,9.28663545169018,15.0192026937375,25.7594853861992,46.9170257604798,90.8511273026176,187.223254523138,410.937376189644,961.346650533017,2398.44612450733,16.8
"Jacob","van Rooyen","Western Bulldogs","ok",1.6656921432686,2.04428903957732,2.63974072679949,3.6022787431641,5.21457652152833,8.03242025980344,13.2003845175453,23.1937208596569,43.6482059665922,88.1068922436153,190.997604242173,445.101978120542,1116.02052266718,3012.83346693052,8762.54003531654,27470.051060547,92865.400500477,338670.399081601,1332818.51994615,5661850.02484079,25968493.1098732,10.4
"Bayley","Fritsch","Western Bulldogs","ok",1.22916762781754,1.34121209209773,1.50035623414088,1.72646418473107,2.04988161951803,2.51835400466318,3.20916001458855,4.25095887513374,5.86423948765835,8.43841008056957,12.6831972173442,19.935388476478,32.8007050327344,56.542628272748,102.193149427998,193.77346786469,385.682097077363,806.178570047652,1770.42115083496,4086.19991887672,9915.05251586641,13.4
"Max","Gawn","Western Bulldogs","ok",1.00020400310868,1.00074705211625,1.0024282389121,1.00702848826908,1.01821405467967,1.04261923086726,1.09113886935219,1.18089342429801,1.33929921855103,1.61322891242072,2.08949999851894,2.94151724780869,4.54080100414986,7.7413568245428,14.6577444442631,30.9597409232937,73.199403301829,194.257088782469,579.879645944456,1950.44551063053,7402.22628000913,19.4
"Jack","Steele","Western Bulldogs","ok",1.00334201385639,1.00606500587074,1.01062080194773,1.01797012160313,1.02942586207696,1.04672746588824,1.07213130711673,1.10853720690157,1.15968356267674,1.23045833457637,1.32739356037073,1.45944436238031,1.63921182060782,1.8848727799804,2.22326353932675,2.69489228401535,3.36224799490481,4.32386550169122,5.73865928825505,7.86898226751033,11.158610635386,22.9
"Tom","Sparrow","Western Bulldogs","ok",1.00898159457784,1.0143877191733,1.02246399710642,1.03422743039595,1.05096668716981,1.07429345795052,1.10621374184702,1.14923315359709,1.20651557481965,1.28212152177662,1.38136342247507,1.51133267362181,1.68168259326504,1.90579966126213,2.20257516995335,2.59912200317808,3.13500441117203,3.86892970213649,4.88951181387694,6.33288240767981,8.41201541869618,22.8
"Caleb","Windsor","Western Bulldogs","ok",1.02697396592221,1.04868903376432,1.08397930735482,1.13921813300533,1.22327519864258,1.34886682884866,1.53497236931854,1.81113234214428,2.22517240201515,2.85741223240808,3.84761699366913,5.44788716174062,8.13023963780108,12.8137705634267,21.3633736674522,37.7299799508351,70.669943771858,140.521119173611,296.871137656536,666.837228066551,1593.52081176165,17
"Bailey","Laurie","Western Bulldogs","ok",1.11724451914828,1.18424171578639,1.28228687270176,1.42418011691042,1.62890027998489,1.92561043414669,2.36063497260425,3.00990214407809,4.00176199448359,5.56010973465259,8.08848809414944,12.3395581857323,19.7683847231617,33.2953428207602,59.0149889523249,110.171693295392,216.778267738335,449.846318918433,985.014805388823,2276.91967381658,5558.38935980624,14.7
"Trent","Rivers","Western Bulldogs","ok",1.03731579530325,1.05749041296109,1.08637324974463,1.12687317368969,1.18272319904025,1.25879391165997,1.36158183103897,1.49996455349233,1.68636774380552,1.9385815576122,2.28262485109364,2.75733702781866,3.42187725874441,4.36821443470078,5.742356508641,7.78119900908217,10.8778820781611,15.7003257167638,23.4112119333536,36.0860232944356,57.5270639221488,18.7
"Max","Heath","Western Bulldogs","ok",1.4390802682442,1.64703529051936,1.94711021814641,2.38518676041528,3.03609859204469,4.02562057059337,5.5717209746719,8.06435963321289,12.2248391362886,19.4347060305944,32.4382920821438,56.8977033593854,104.96371176356,203.793976518125,416.685672120543,897.661005648472,2038.42205672922,4881.12388050843,12329.1771094455,32859.6771189475,92431.1532855586,11.6
"Harry","Sharp","Western Bulldogs","ok",1.24430167231651,1.37586919611176,1.56877336062332,1.85237548379541,2.27386603167298,2.91175493837675,3.90112614649493,5.48247556102964,8.09943245865957,12.601362452927,20.6792338289832,35.840077062078,65.6744136207486,127.355569833511,261.562063374874,569.3200921427,1314.04706271069,3217.73717528003,8362.93471619109,23077.7784329868,67638.5716026805,12.9
"Latrelle","Pickett","Western Bulldogs","ok",1.84106618463831,2.21026959827217,2.74626273253508,3.53952381451013,4.74145456574108,6.61277724082863,9.61610530075101,14.5983544373745,23.1614461219137,38.4401388155545,66.7890087733887,121.568396433895,231.945509632589,464.109249045506,974.346882216868,2146.99724826265,4967.2756340527,12069.8090717972,30809.8174839359,82638.5288803896,232952.654781399,10
"Jack","Henderson","Western Bulldogs","ok",1.83270235640903,2.24232211227259,2.86034252014437,3.81539214458338,5.33538543755244,7.83857280120146,12.12123772426,19.7590269296479,33.9983133663513,61.8157083657126,118.875641467526,241.980952320433,521.740681430368,1192.23562839155,2888.79558059653,7425.1094560054,20252.5439331353,58638.8651247867,180277.621139162,588646.452377278,2041818.7410088,10
"Andy","Moniz-Wakefield","Western Bulldogs","ok",1.44757813093926,1.65805157077032,1.9613426059688,2.40357081226234,3.05986850261125,4.05632687496215,5.61108365952586,8.11362051303173,12.2827072619993,19.4914657987851,32.4595115122178,56.7795590439161,104.409641940672,201.968567574056,411.221335219111,881.728789149965,1991.82484925364,4742.29140368815,11903.9031639482,31512.2751642305,87997.2855842558,11.6
